Existing account,Duration month,Credit history,Purpose,Credit amount,Saving,Employment duration,Installment rate,Personal status,Debtors,Residential Duration,Property,Age,Installment plans,Housing,Number of credits,Job,Liable People,Telephone,Foreign worker,Classification
0,0.125501505,4,4,0.358310574,4,4,1,2,0,1,0,0.916684984,2,1,0.442507049,2,0,1,0,1
1,0.851310727,2,4,0.736969668,0,2,0.442507049,1,0,0.442507049,0,0.10469051,2,1,0,2,0,0,0,2
3,0.356398274,4,7,0.494135188,0,3,0.442507049,2,0,0.756470797,0,0.68635955,2,1,0,1,1,0,0,1
0,0.802590423,2,3,0.802374822,0,3,0.442507049,2,2,1,1,0.623901466,2,2,0,2,1,0,0,1
0,0.600307717,3,0,0.690315213,0,2,0.756470797,2,0,1,3,0.744008224,2,2,0.442507049,2,1,0,0,2
3,0.74653634,2,7,0.834665006,4,2,0.442507049,2,0,1,3,0.440289285,2,2,0,1,1,1,0,1
3,0.600307717,2,3,0.564406626,2,4,0.756470797,2,0,1,1,0.744008224,2,1,0,2,0,0,0,1
1,0.74653634,2,1,0.7730195,0,2,0.442507049,2,0,0.442507049,2,0.440289285,2,0,0,3,0,1,0,1
3,0.356398274,2,4,0.582102184,3,3,0.442507049,0,0,1,0,0.847491541,2,1,0,1,0,0,0,1
1,0.680542574,4,0,0.70709068,0,0,1,3,0,0.442507049,2,0.278324539,2,1,0.442507049,3,0,0,0,2
1,0.356398274,2,0,0.38211844,0,1,0.756470797,1,0,0,2,0.196527382,2,0,0,2,0,0,0,2
0,0.851310727,2,9,0.661778647,0,1,0.756470797,1,0,1,1,0.167148594,2,0,0,2,0,0,0,2
1,0.356398274,2,4,0.42646617,0,2,0,1,0,0,2,0.10469051,2,1,0,2,0,1,0,1
0,0.600307717,4,0,0.364203904,0,4,1,2,0,1,2,0.835311385,2,1,0.442507049,1,0,0,0,2
0,0.433846128,2,0,0.400750309,0,2,0.442507049,1,0,1,2,0.278324539,2,0,0,2,0,0,0,1
0,0.600307717,2,4,0.379771725,1,2,1,1,0,0.442507049,2,0.375112275,2,1,0,1,0,0,0,2
3,0.600307717,4,4,0.527962797,4,4,1,2,0,1,1,0.744008224,2,1,0.442507049,2,0,0,0,1
0,0.680542574,0,9,0.807918713,4,1,0.442507049,2,0,0.756470797,2,0.196527382,0,1,0.756470797,2,0,0,0,1
1,0.600307717,2,1,0.911173364,0,4,1,1,0,0.442507049,3,0.607437879,2,2,0,3,0,1,0,2
3,0.600307717,2,4,0.608740117,2,4,0.756470797,2,0,0.442507049,2,0.352062362,2,1,0,2,1,1,0,1
3,0.258538461,4,0,0.498315553,0,2,1,2,0,1,2,0.671226448,2,1,0.756470797,2,0,1,0,1
0,0.125501505,2,4,0.548440658,2,2,0.442507049,2,0,0.756470797,0,0.607437879,2,0,0,2,1,0,0,1
0,0.294088411,4,0,0.509698597,0,1,0,2,0,0.756470797,0,0.671226448,2,0,0.442507049,1,1,0,1,1
1,0.356398274,4,1,0.459231374,1,1,0.756470797,2,0,1,1,0.607437879,2,1,0,2,0,0,0,1
3,0.294088411,4,3,0.491118635,4,2,0.442507049,3,0,0,2,0.224797268,2,1,0.442507049,2,0,0,1,1
0,0.125501505,2,3,0.395891947,0,2,0,2,0,0.442507049,0,0.460812845,0,1,0,1,0,1,0,1
3,0.125501505,0,4,0.123680107,0,4,1,3,0,1,2,0.519210956,2,1,0,1,0,0,0,1
2,0.356398274,1,4,0.114223228,3,2,0.756470797,1,0,0.756470797,0,0.573383693,2,0,0.442507049,2,0,0,0,1
1,0.175307667,2,4,0.527097286,0,2,0.756470797,2,2,0.442507049,0,0.419187521,2,1,0,2,0,0,0,1
0,0.933015988,3,9,0.769237218,0,4,0.756470797,2,0,1,3,0.871273319,2,1,0.442507049,2,0,1,0,2
1,0.497944926,2,9,0.472880013,3,1,0.756470797,3,0,0.756470797,0,0.460812845,0,1,0,2,0,1,0,1
0,0.600307717,2,3,0.645676445,0,2,0.442507049,2,0,0.442507049,2,0.252038927,1,1,0,2,0,0,0,1
1,0.497944926,2,0,0.733621476,1,2,0.442507049,2,0,0.442507049,2,0.328280585,2,1,0.442507049,2,0,1,0,1
3,0.356398274,4,9,0.376482869,4,4,1,2,0,1,3,0.797535495,2,0,0,1,0,0,0,1
2,0.356398274,2,3,0.412233679,0,1,1,1,0,0,1,0.397474028,0,1,0,3,0,1,0,1
1,0.827745492,4,4,0.684312804,0,1,1,2,0,0.442507049,1,0.196527382,2,1,0.442507049,1,0,0,0,2
3,0.851310727,4,7,0.743106321,0,2,0,2,0,0.756470797,3,0.352062362,0,2,0,2,0,1,0,1
2,0.497944926,2,4,0.494578778,0,2,1,2,1,0.442507049,0,0.480789044,1,1,0,2,0,0,0,2
2,0.294088411,2,5,0.369193482,0,2,0.442507049,2,0,0.442507049,2,0.480789044,2,1,0,2,0,1,0,1
1,0.258538461,2,4,0.140501806,0,2,1,2,0,0.756470797,0,0.167148594,2,1,0,2,0,0,0,1
3,0.680542574,2,4,0.519059655,2,4,1,2,0,0.442507049,2,0.328280585,0,1,0,3,0,0,0,1
1,0.356398274,2,4,0.356111747,2,2,0.756470797,0,0,0,2,0.224797268,2,1,0,2,0,1,0,1
1,0.497944926,3,6,0.746659616,0,2,0.442507049,2,0,1,0,0.607437879,2,1,0,1,1,1,0,1
0,0.680542574,4,1,0.746021004,1,3,0,3,0,1,2,0.167148594,2,0,0.442507049,2,0,0,0,1
0,0.851310727,4,1,0.744359943,0,4,1,1,0,1,3,0.810340304,1,2,0.442507049,1,0,0,0,2
3,0.326542972,4,0,0.399086441,0,1,1,1,0,1,2,0.440289285,2,1,0.442507049,3,0,0,0,1
3,0.74653634,2,4,0.515643833,2,4,1,2,0,1,2,0.519210956,2,1,0,2,0,0,0,1
0,0.125501505,2,1,0.392137445,2,0,0,1,0,0.442507049,1,0.136570345,2,0,0,0,0,1,0,1
3,0.326542972,4,0,0.782214763,0,2,0,2,0,1,1,0.519210956,2,1,0.442507049,1,0,0,0,1
3,0.356398274,2,4,0.491568005,1,2,1,1,1,0.442507049,0,0.278324539,2,1,0,2,0,0,0,1
1,0.600307717,3,3,0.519059655,4,1,1,2,0,0.442507049,1,0.303718939,0,1,0,1,0,0,0,1
1,0.642578427,3,1,0.737516545,0,4,0,2,0,0.442507049,2,0.328280585,2,1,0.442507049,3,0,1,0,1
3,0.356398274,2,4,0.376114555,0,2,0.756470797,2,0,0.442507049,2,0.196527382,2,1,0,2,0,0,0,1
3,0.497944926,2,1,0.605185201,4,2,0.442507049,2,0,0,1,0.352062362,2,1,0,2,0,1,0,1
1,0.74653634,3,0,0.508031452,0,4,1,2,0,1,3,0.797535495,0,2,0.442507049,2,0,1,0,2
3,0.125501505,1,0,0.265119465,4,2,0,2,2,0.442507049,0,0.224797268,1,1,0,1,1,0,0,1
1,0.356398274,2,4,0.756358409,4,0,0.442507049,2,0,0,3,0.730006638,2,1,0,3,0,1,0,2
3,0.74653634,4,4,0.847442477,0,2,0.442507049,1,0,0.442507049,2,0.352062362,1,1,0.442507049,2,0,0,0,1
2,0.497944926,2,0,0.47864561,0,4,0.756470797,1,0,0.442507049,2,0.136570345,2,1,0,3,0,0,0,1
0,0.74653634,4,3,0.747595581,0,1,1,1,1,1,3,0.136570345,2,0,0.442507049,1,0,1,0,2
1,0.258538461,2,9,0.398752236,0,2,0.442507049,3,0,0,0,0.252038927,0,1,0,2,0,1,0,1
1,0.433846128,4,4,0.421969428,4,4,1,2,2,1,0,0.701192967,2,1,0.442507049,2,0,1,0,1
1,0.74653634,0,9,0.47769454,0,4,1,2,0,1,3,0.847491541,2,2,0,3,0,1,0,2
1,0.851310727,0,9,0.942981144,0,2,0.442507049,2,0,0.442507049,2,0.196527382,2,1,0,2,0,1,0,2
3,0.600307717,2,4,0.59120249,0,1,1,1,0,1,1,0.224797268,2,1,0,2,0,1,0,1
3,0.642578427,2,6,0.705125954,4,4,1,2,0,1,1,0.671226448,2,1,1,2,1,1,0,1
3,0.356398274,2,4,0.50231502,0,1,0.442507049,1,0,0.442507049,2,0.303718939,0,1,0,2,0,0,0,1
1,0.356398274,2,0,0.323618953,3,2,1,3,0,0,0,0.10469051,2,1,0,2,0,0,0,1
3,0.74653634,2,7,0.461157791,0,2,1,2,0,1,3,0.480789044,1,2,0,2,0,1,0,2
3,0.74653634,2,4,0.525065156,4,2,1,1,0,1,2,0.196527382,2,1,0,2,0,0,0,1
3,0.74653634,2,1,0.809670955,0,2,0,1,0,0.442507049,1,0.328280585,0,1,0,2,0,0,0,1
3,0.175307667,4,4,0.248826313,4,4,1,2,0,0.442507049,1,0.64001097,2,0,0.442507049,1,0,1,0,1
0,0.219239815,4,2,0.357313682,0,4,0.756470797,2,0,1,3,0.715738338,0,2,0.442507049,3,1,1,0,1
1,0.802590423,4,9,0.737086964,0,3,0.442507049,1,0,0,0,0.555757867,0,1,0.442507049,1,0,0,0,1
0,0.74653634,2,7,0.480536172,4,4,1,2,0,1,3,0.537707281,2,1,0,3,0,1,0,2
0,0.356398274,4,1,0.420298612,0,4,1,2,0,1,3,0.90558755,2,2,0.442507049,3,0,0,0,1
0,0.802590423,2,4,0.642470541,0,1,1,2,0,0.756470797,2,0.419187521,2,1,0,2,0,0,0,2
1,0.326542972,3,4,0.685535488,0,3,0.442507049,2,0,1,1,0.715738338,2,1,0,2,0,0,0,1
3,0.894396127,0,1,0.844257769,4,2,0.442507049,2,0,0.442507049,1,0.519210956,2,1,0,1,1,0,0,1
1,0.680542574,2,3,0.63453056,0,1,0.442507049,3,0,0,1,0.10469051,2,1,0,2,0,0,0,1
3,0.600307717,2,4,0.736656589,4,1,0,1,0,0,2,0.607437879,2,1,0.442507049,2,0,1,0,2
3,0.433846128,2,4,0.366903882,2,4,1,2,0,0.756470797,1,0.655781302,1,1,0,2,0,1,0,1
3,0.497944926,2,9,0.426614575,1,2,0.756470797,1,0,1,1,0.167148594,2,0,0,1,0,0,0,1
0,0.600307717,2,2,0.452824943,0,4,1,1,2,1,0,0.810340304,2,1,0,1,0,1,0,1
0,0.294088411,2,4,0.517257524,0,4,0.756470797,2,0,1,0,0.730006638,2,1,0,1,0,0,0,1
3,0.356398274,4,9,0.402237688,0,2,1,1,2,0.442507049,0,0.303718939,2,1,0.442507049,3,0,1,0,1
1,0.497944926,4,3,0.38211844,0,1,1,1,0,0,1,0.252038927,2,1,0.442507049,2,0,0,0,1
1,0.74653634,2,7,0.91178318,1,2,0,2,0,1,3,0.655781302,2,2,0,2,1,1,0,2
0,0.497944926,2,0,0.510527713,1,3,1,2,0,0.756470797,2,0.328280585,2,1,0,3,1,1,0,1
0,0.356398274,0,6,0.345846676,0,3,1,2,0,0.756470797,0,0.278324539,2,1,0.442507049,2,0,0,0,2
3,0.356398274,4,4,0.210114076,0,4,1,2,0,1,0,0.784507983,2,1,0,2,0,0,0,1
0,0.356398274,4,1,0.40174295,0,4,1,2,0,0.756470797,0,0.757752886,2,1,0,2,0,0,0,1
3,0.356398274,4,4,0.269239468,4,4,1,1,0,0.756470797,1,0.397474028,0,1,0,1,1,0,0,2
2,0.600307717,4,3,0.62109335,4,4,1,2,1,1,3,0.03654691,2,0,0.442507049,2,0,0,0,1
1,0.356398274,2,0,0.386213233,3,4,1,2,0,1,0,0.757752886,2,1,0,2,0,1,0,1
1,0.894396127,0,9,0.966364045,0,1,0.756470797,2,0,1,3,0.810340304,2,0,0,2,0,1,0,2
3,0.356398274,4,7,0.484619009,4,3,1,1,0,0.442507049,2,0.847491541,2,1,0,2,0,0,0,1
1,0.497944926,2,9,0.546232578,1,2,1,2,0,1,2,0.419187521,2,1,0,2,0,0,0,1
1,0.74653634,4,4,0.519458241,0,4,1,2,0,1,0,0.460812845,2,1,0,2,0,0,0,1
1,0.535275271,3,1,0.776642387,4,3,0.756470797,2,0,1,1,0.460812845,0,0,0.442507049,3,1,1,0,1
3,0.600307717,2,0,0.411443274,1,4,1,3,0,1,0,0.555757867,2,0,0,1,0,0,0,1
1,0.74653634,2,4,0.518060194,0,3,1,2,0,1,2,0.167148594,2,0,0,2,0,0,0,1
3,0.125501505,3,4,0.305621268,0,2,0.756470797,1,0,0.442507049,0,0.167148594,2,1,0,2,0,0,0,1
1,0.258538461,4,3,0.473608571,0,3,1,2,0,0.756470797,2,0.440289285,2,0,0,2,0,1,0,1
3,0.356398274,2,1,0.529969894,4,1,0.442507049,3,0,1,2,0.224797268,2,0,0,2,0,1,0,1
1,0.600307717,4,2,0.898999768,0,2,0.442507049,2,1,0.756470797,2,0.519210956,2,1,0.442507049,3,1,1,0,2
3,0.497944926,1,0,0.7559983,0,4,0.442507049,2,0,1,3,0.519210956,0,1,0.442507049,3,1,1,0,2
1,0.356398274,2,0,0.741884207,0,3,0.442507049,2,0,0.442507049,2,0.375112275,2,1,0,2,0,0,0,1
0,0.600307717,2,3,0.797571495,4,1,0,1,0,0.442507049,1,0.328280585,2,1,0,2,0,1,1,1
1,0.409773766,2,9,0.40190798,2,4,0,3,0,0.442507049,0,0.440289285,2,1,0,2,0,1,0,1
1,0.125501505,3,9,0.408254538,1,4,0,0,0,0.442507049,2,0.352062362,0,1,0.442507049,2,1,0,0,1
2,0.433846128,2,7,0.104365817,0,1,1,1,0,1,1,0.136570345,2,0,0,2,0,1,0,1
1,0.497944926,2,0,0.748750975,0,3,0.756470797,2,0,0.756470797,0,0.278324539,2,0,0,1,0,0,0,1
3,0.74653634,4,0,0.801576181,0,2,1,1,0,0.442507049,0,0.196527382,1,1,0.442507049,2,0,1,0,2
0,0.356398274,2,4,0.442664437,2,4,0.756470797,3,0,0,0,0.440289285,2,1,0,2,0,0,0,1
3,0.851310727,4,4,0.618570555,4,4,1,2,0,0,0,0.655781302,2,1,0,2,0,1,0,1
0,0.802590423,2,4,0.780469434,4,3,1,1,0,0.756470797,2,0.328280585,2,1,0,3,0,1,0,2
0,0.294088411,4,3,0.498097395,4,1,0.442507049,1,1,0.756470797,0,0.252038927,2,0,0.442507049,2,0,0,1,1
0,0.714997098,4,3,0.660315506,2,2,0,1,0,1,2,0.136570345,2,1,0.442507049,2,0,0,0,2
1,0.356398274,4,0,0.522327756,2,3,0.756470797,0,0,0.756470797,2,0.460812845,2,1,0,3,0,1,0,1
0,0.552626872,2,4,0.463195214,0,2,0.756470797,1,0,0.442507049,0,0.196527382,2,1,0.442507049,2,0,1,0,2
3,0.600307717,4,1,0.6367066,0,4,1,1,0,0.442507049,2,0.555757867,2,0,0.442507049,3,0,1,0,1
3,0.356398274,2,3,0.454541866,0,2,0.756470797,2,0,0.442507049,0,0.167148594,2,0,0,1,0,0,0,1
2,0.294088411,4,0,0.264524895,0,4,1,2,0,1,3,0.871273319,2,2,0.442507049,2,0,1,0,1
1,0.497944926,2,3,0.474213966,4,1,1,1,0,0.756470797,0,0.252038927,2,0,0,2,0,0,0,2
0,0.356398274,4,0,0.49689386,0,2,1,2,0,0.442507049,1,0.328280585,2,1,0.442507049,2,0,0,0,1
0,0.356398274,2,4,0.239403604,0,2,1,3,0,0.442507049,0,0.537707281,2,1,0,1,0,0,0,1
1,0.356398274,2,6,0.217880095,0,2,1,2,0,0.442507049,2,0.328280585,2,1,0,2,0,0,0,2
1,0.356398274,4,1,0.46634341,0,0,1,2,0,0.442507049,2,0.419187521,2,1,0.442507049,3,0,1,0,1
0,0.356398274,4,0,0.61337493,0,2,0.756470797,1,1,0.442507049,0,0.303718939,2,1,0.442507049,2,0,0,0,2
1,0.851310727,2,0,0.819587269,4,3,0,1,0,0.442507049,2,0.167148594,2,1,0,2,0,0,0,1
0,0.74653634,3,7,0.770967132,0,2,1,2,0,0.756470797,1,0.303718939,1,1,0,2,0,1,0,2
3,0.433846128,2,3,0.55374207,0,1,0.442507049,2,0,0.756470797,1,0.252038927,0,1,0.442507049,1,0,0,0,1
3,0.497944926,2,3,0.481358488,0,2,1,2,0,1,3,0.655781302,0,2,0.442507049,2,0,0,0,1
3,0.933015988,2,4,0.861097307,1,3,0.442507049,1,0,1,0,0.071393336,2,1,0,2,0,1,0,1
3,0.356398274,4,4,0.37202417,4,4,1,1,0,0.442507049,0,0.500246321,2,1,0.442507049,2,0,1,0,1
3,0.642578427,3,1,0.823017285,3,2,0.442507049,2,0,0.442507049,2,0.252038927,2,1,0.442507049,2,0,0,0,1
1,0.356398274,2,4,0.260016541,2,2,1,2,0,0.756470797,0,0.90558755,2,1,0,1,0,0,0,2
1,0.433846128,4,4,0.555454282,4,3,1,2,2,0.442507049,0,0.440289285,0,1,0.756470797,2,0,1,0,1
2,0.356398274,2,4,0.468955383,0,2,0.442507049,1,0,0.442507049,2,0.607437879,2,0,0,1,0,1,0,1
2,0.125501505,2,0,0.242041299,3,1,0.442507049,3,0,0.442507049,0,0.252038927,2,1,0,0,0,0,1,1
1,0.74653634,2,4,0.686703253,0,1,1,1,0,0,3,0.328280585,2,1,0,3,0,1,0,1
0,0.642578427,2,4,0.607788352,0,2,0.756470797,2,0,0.442507049,2,0.252038927,2,1,0,3,0,0,0,1
0,0.497944926,2,3,0.531582107,0,2,0.442507049,2,0,0.442507049,2,0.10469051,2,1,0,2,0,0,0,2
3,0.552626872,4,3,0.514527895,0,1,1,1,0,1,1,0.136570345,2,1,0,2,0,1,0,1
1,0.851310727,1,9,0.617788777,1,3,1,2,0,0.442507049,2,0.328280585,2,1,0,2,0,0,0,1
0,0.125501505,4,0,0.286927019,0,4,0,1,0,1,3,0.519210956,2,1,0.442507049,2,0,1,0,1
3,0.356398274,4,0,0.233016622,1,3,1,1,0,0.756470797,2,0.715738338,2,1,0.442507049,2,0,1,0,1
0,0.74653634,4,3,0.713104035,0,2,0.756470797,2,2,0.442507049,1,0.278324539,2,1,0.442507049,2,0,0,0,1
3,0.497944926,4,4,0.428682379,3,4,1,2,0,1,2,0.64001097,2,1,0.442507049,2,0,0,0,1
3,0.125501505,2,4,0.391102892,1,4,0.442507049,2,0,1,3,0.573383693,0,2,0,2,1,1,0,1
3,0.294088411,2,4,0.474213966,0,2,0,2,0,1,1,0.500246321,2,1,0,2,0,1,1,1
2,0.74653634,2,4,0.732906226,0,2,1,2,0,0,2,0.167148594,2,1,0,2,0,0,0,1
1,0.600307717,4,1,0.798684169,3,4,0.442507049,1,0,1,3,0.303718939,2,0,0,2,0,0,0,1
1,0.600307717,3,9,0.773655084,1,3,1,2,0,1,2,0.460812845,2,0,0,3,0,1,0,1
0,0.356398274,2,3,0.379771725,0,2,0.442507049,1,0,1,2,0.03654691,2,0,0,2,0,0,0,2
0,0.258538461,4,6,0.380857765,1,4,0.756470797,2,2,1,0,0.671226448,2,1,0.442507049,2,1,0,1,1
0,0.356398274,1,8,0.070645232,0,4,1,3,0,0,2,0.623901466,0,1,0,1,0,0,0,1
1,0.600307717,2,0,0.614237917,1,3,0.442507049,2,0,0.756470797,2,0.500246321,0,1,0.442507049,2,0,1,0,1
3,0.125501505,4,4,0.471048579,4,2,0,2,0,0.442507049,0,0.419187521,2,1,0.442507049,1,1,0,0,1
3,0.600307717,4,4,0.567423884,1,4,0.756470797,2,0,1,0,0.460812845,2,1,0,2,1,1,0,1
3,0.497944926,4,0,0.334447607,0,1,1,1,0,0,1,0.328280585,2,1,0.442507049,2,0,0,0,1
3,0.433846128,2,5,0.376114555,2,3,1,2,0,0.756470797,1,0.460812845,2,1,0.442507049,2,0,1,0,1
1,0.294088411,2,0,0.784776617,0,0,0.442507049,2,0,1,3,0.949023664,0,2,0,3,0,1,0,1
3,0.74653634,2,0,0.299811087,2,4,1,2,0,1,1,0.460812845,2,1,0,2,0,0,0,1
3,0.125501505,2,3,0.575857497,2,2,0,2,0,0.442507049,2,0.375112275,2,1,0,2,0,1,0,1
0,0.497944926,2,3,0.350624893,0,0,1,1,0,0.442507049,2,0.397474028,2,1,0,2,0,0,0,2
1,0.326542972,2,3,0.427945985,3,1,1,1,0,0,0,0.03654691,2,1,0,2,0,0,0,1
3,0.600307717,2,3,0.642881026,0,3,0.442507049,1,0,1,1,0.196527382,2,0,0,2,0,1,0,1
1,0.600307717,4,9,0.475540317,0,4,1,0,0,1,0,0.352062362,2,1,0.442507049,2,0,1,0,2
0,0.433846128,0,0,0.310069316,0,4,1,2,0,0.756470797,2,0.397474028,2,0,0.442507049,2,1,0,0,2
3,0.356398274,2,3,0.259104296,0,2,1,1,0,0,0,0.224797268,2,1,0,2,0,1,0,1
1,0.600307717,3,3,0.490555698,0,0,0.756470797,1,0,0.442507049,1,0.419187521,2,1,0,3,0,1,0,2
1,0.219239815,2,4,0.40256693,0,2,1,2,2,0.442507049,0,0.397474028,2,1,0,2,0,0,1,1
0,0.552626872,3,7,0.607652068,0,1,0.442507049,2,0,0,1,0.224797268,2,1,0.442507049,2,0,0,0,2
3,0.680542574,1,1,0.790346469,4,0,1,1,0,0,0,0.744008224,0,1,0,3,0,1,0,2
0,0.356398274,2,3,0.542204469,0,2,0.442507049,0,0,0,2,0.573383693,2,1,0,2,0,0,0,1
0,0.125501505,4,4,0.069959594,2,4,1,2,0,1,2,0.730006638,2,1,0.442507049,2,0,0,0,1
3,0.356398274,2,4,0.478882772,0,3,1,2,0,0.442507049,2,0.352062362,2,0,0.442507049,3,1,1,0,1
0,0.552626872,4,0,0.191732771,0,4,1,2,0,1,0,0.894323232,2,1,0.442507049,2,0,0,0,1
3,0.74653634,3,9,0.847588417,0,1,0,0,0,0,2,0.278324539,2,1,0.442507049,2,0,0,0,2
1,0.74653634,3,9,0.669587203,0,2,0.442507049,0,0,0.442507049,0,0.328280585,1,1,0.442507049,3,0,1,0,2
0,0.552626872,1,0,0.43804936,4,2,1,2,0,0.442507049,1,0.537707281,2,1,0.442507049,1,1,0,0,2
3,0.600307717,4,3,0.631166272,3,2,1,2,0,1,0,0.701192967,2,1,0,2,0,1,0,1
1,0.497944926,4,0,0.29332671,0,4,1,2,0,1,2,0.460812845,0,1,0,2,1,1,0,2
3,0.433846128,4,4,0.393509735,0,2,1,2,0,0.442507049,1,0.352062362,2,1,0.442507049,2,0,0,0,1
1,0.258538461,1,1,0.702374402,0,4,0.442507049,1,0,1,3,0.99007849,0,2,0,3,1,1,0,2
1,0.456458637,4,0,0.359501237,0,0,0.442507049,2,0,0.756470797,2,0.927620406,2,2,0.756470797,0,0,1,0,1
0,0.356398274,2,4,0.230274039,1,3,1,3,0,0,1,0.03654691,2,1,0,2,0,0,0,2
1,0.497944926,0,3,0.595766124,0,2,0,1,0,1,2,0.397474028,0,1,0.442507049,2,0,1,0,1
3,0.600307717,2,9,0.67658536,3,2,0.442507049,2,0,0.756470797,1,0.757752886,2,1,0.756470797,3,0,1,0,2
1,0.851310727,0,9,0.635258169,1,3,1,2,0,1,3,0.419187521,2,2,0,1,1,0,0,2
1,0.642578427,2,9,0.639517265,0,2,1,2,0,0.442507049,2,0.460812845,2,1,0,2,1,1,0,2
3,0.125501505,2,4,0.495463431,0,3,0.442507049,3,0,0.442507049,0,0.303718939,2,0,0,2,0,0,0,1
1,0.827745492,2,4,0.57996242,1,2,1,2,2,1,1,0.071393336,2,0,0,2,0,0,0,2
1,0.258538461,4,7,0.4164561,0,4,0.442507049,1,0,0.756470797,2,0.419187521,2,1,0.442507049,3,0,1,0,2
3,0.125501505,4,4,0.397242344,0,2,0,1,0,0,2,0.278324539,2,1,0.442507049,2,0,1,0,1
1,0.356398274,2,3,0.310313955,1,1,1,1,0,1,2,0.252038927,0,0,1,2,0,0,0,2
1,0.600307717,2,1,0.55816789,4,4,1,2,0,1,3,0.460812845,0,2,0,2,0,1,0,1
1,0.497944926,3,3,0.661183662,0,4,1,0,0,0.756470797,3,0.537707281,2,1,0,3,0,1,0,2
3,0.258538461,4,7,0.306617095,2,4,1,2,0,0.442507049,2,0.730006638,2,1,0.442507049,2,0,1,0,1
0,0.356398274,2,0,0.358111537,0,2,1,3,0,0.756470797,0,0.252038927,2,1,0,1,0,0,0,1
3,0.642578427,3,9,0.701829263,0,3,0.756470797,2,0,1,2,0.224797268,2,1,0.442507049,2,0,0,0,1
0,0.356398274,2,8,0.298013595,0,3,1,3,0,1,1,0.071393336,2,0,0,2,0,0,0,2
3,0.356398274,4,0,0.415524381,0,4,1,2,0,0,0,0.500246321,2,1,0.442507049,1,1,0,0,1
0,0.680542574,4,1,0.871836251,0,4,0.756470797,2,0,1,3,0.500246321,2,2,0.756470797,3,1,1,0,1
3,0.356398274,4,3,0.475540317,0,4,1,2,0,1,0,0.590604292,2,1,0.756470797,2,0,1,0,1
1,0.356398274,4,5,0.404206191,0,3,1,2,0,0.756470797,1,0.224797268,2,1,0,2,0,0,0,1
0,0.600307717,2,9,0.759929181,0,2,0.442507049,3,0,0.442507049,2,0.071393336,1,1,0,1,0,0,0,1
3,0.356398274,2,1,0.402402367,3,3,0.756470797,2,0,0.442507049,1,0.771249883,2,1,0,2,0,0,1,1
3,0.258538461,4,4,0.583240446,4,2,0,2,0,0.442507049,0,0.397474028,2,1,0.442507049,2,1,0,0,1
3,0.74653634,2,4,0.634712676,4,4,0.442507049,1,0,1,0,0.623901466,2,1,0,1,0,1,0,1
0,0.642578427,0,9,0.70969944,0,0,0.442507049,2,0,1,1,0.701192967,1,1,0.442507049,2,0,1,0,2
2,0.680542574,3,9,0.472271135,0,4,1,2,0,1,0,0.90558755,2,1,0,3,0,1,0,2
3,0.74653634,4,4,0.602691911,4,4,1,2,0,0.442507049,2,0.715738338,2,1,0,2,0,1,0,1
1,0.125501505,4,8,0.305621268,4,3,0,1,0,0.756470797,1,0.519210956,2,1,0.442507049,1,0,0,0,1
0,0.497944926,0,9,0.585500406,0,3,0.756470797,2,0,0,1,0.352062362,0,1,0,2,0,1,0,1
2,0.74653634,2,4,0.639398351,0,2,0.442507049,2,0,0.442507049,0,0.136570345,2,1,0,2,0,1,0,1
0,0.600307717,2,3,0.579193427,0,2,0.442507049,0,0,0.442507049,0,0.167148594,2,0,0,1,0,0,0,1
3,0.294088411,2,0,0.394192858,0,2,0.442507049,1,0,1,2,0.882886932,2,1,0,2,0,1,0,1
1,0.356398274,2,4,0.212731643,0,1,1,3,2,0,0,0.224797268,0,1,0,1,0,0,0,1
0,0.356398274,2,7,0.364397802,4,2,1,1,0,1,1,0.136570345,0,0,0,2,0,1,0,1
3,0.356398274,2,4,0.241384672,0,2,1,2,0,0.442507049,0,0.328280585,0,1,0.442507049,2,0,0,0,1
3,0.600307717,3,9,0.575857497,4,2,1,2,0,1,0,0.375112275,2,1,0.442507049,2,1,1,0,1
3,0.433846128,2,1,0.679907166,0,2,0.756470797,2,0,0.442507049,2,0.328280585,2,1,0,2,0,1,0,1
3,0.74653634,0,6,0.545432513,0,2,1,2,0,0.442507049,2,0.252038927,2,1,0.442507049,2,0,0,0,1
1,0.851310727,2,4,0.879126539,3,3,0,2,1,0.442507049,3,0.252038927,0,1,0.442507049,2,0,1,0,2
0,0.356398274,2,3,0.801872293,0,4,1,2,0,1,3,0.744008224,2,2,0,3,0,1,0,2
3,0.258538461,2,4,0.412864077,0,3,1,2,0,0.442507049,2,0.10469051,2,1,0,2,0,0,0,2
0,0.600307717,2,3,0.588849731,0,1,1,2,0,0,3,0.10469051,0,2,0,2,0,0,0,1
2,0.74653634,2,4,0.656423514,0,2,1,2,0,0.442507049,2,0.224797268,2,1,0,2,0,0,0,2
3,0.258538461,2,0,0.535796599,2,4,0.442507049,2,0,1,3,0.715738338,2,2,0,1,0,0,0,1
3,0.356398274,2,4,0.499077498,1,3,0.756470797,2,0,0,3,0.440289285,2,1,0,2,0,0,0,1
1,0.497944926,2,4,0.288543512,0,2,1,3,2,0.442507049,0,0.196527382,2,1,0,1,0,0,0,1
3,0,4,4,0.423026464,0,3,0.442507049,2,0,0,0,0.573383693,2,1,0.756470797,1,1,0,0,1
0,0.600307717,2,4,0.461668821,0,0,1,2,0,0.442507049,2,0.328280585,1,1,0,3,1,0,0,2
1,0.125501505,2,0,0.945133946,4,0,0,2,0,0.442507049,1,0.136570345,2,1,0,0,0,1,0,2
1,0.552626872,2,9,0.558757299,1,4,1,0,0,0.442507049,2,0.847491541,0,0,0.442507049,1,0,0,0,2
3,0.356398274,4,4,0.381398891,0,2,1,1,0,0.442507049,1,0.440289285,2,1,0.442507049,2,0,0,0,1
0,0.680542574,2,4,0.537184641,0,4,0,2,2,0.756470797,1,0.519210956,2,1,0,2,1,0,0,1
0,0.600307717,2,0,0.301340823,4,4,1,1,0,0.442507049,2,0.303718939,0,1,0,2,0,0,0,2
3,0.125501505,2,4,0.430586173,0,3,0.756470797,2,0,0.442507049,1,0.715738338,2,1,0,2,1,0,0,1
0,0.851310727,0,1,0.677293958,0,4,0.756470797,2,0,1,3,0.167148594,2,2,0.442507049,2,1,0,0,2
3,0.356398274,4,9,0.36147224,0,2,0.756470797,1,0,0.442507049,0,0.252038927,2,1,0.442507049,2,0,0,0,1
3,0.356398274,1,8,0.609890624,2,2,1,1,0,0.756470797,0,0.440289285,2,1,0,1,1,0,0,1
3,0.600307717,2,9,0.375376175,0,3,1,2,0,0,0,0.196527382,2,1,0,2,0,1,0,1
3,0.356398274,4,4,0.24464944,0,4,1,2,0,1,0,0.730006638,2,1,0.756470797,2,0,0,0,1
3,0.125501505,0,0,0.365171781,1,2,1,2,0,0,3,0.440289285,0,0,0,2,0,0,1,1
2,0.600307717,2,3,0.474334856,0,2,0.442507049,2,0,0.442507049,0,0.224797268,2,1,0,2,0,0,0,1
3,0.497944926,2,4,0.127465135,0,0,0.756470797,1,1,1,0,0.10469051,2,0,0,2,0,0,0,2
0,0.125501505,4,0,0.227498756,3,3,0.756470797,1,0,1,0,0.519210956,2,1,0.442507049,1,0,1,0,1
2,0.356398274,2,3,0.510734531,0,2,0,1,0,0.442507049,2,0.64001097,2,1,0,1,0,0,0,1
1,0.680542574,2,0,0.500053492,0,2,1,1,2,0.442507049,3,0.167148594,0,1,0,2,0,0,0,2
3,0.600307717,3,3,0.65313907,1,2,0.442507049,2,0,0.756470797,1,0.440289285,2,1,0.442507049,2,0,0,0,1
1,0.258538461,2,3,0.486691196,4,3,0.442507049,2,0,0,2,0.167148594,2,1,0,2,0,1,0,1
1,0.933015988,3,4,0.788253753,4,2,0,2,0,0,0,0.252038927,2,1,0,1,0,0,0,1
3,0.600307717,4,4,0.551670652,0,2,1,2,0,0.442507049,0,0.440289285,2,1,0.442507049,1,0,0,0,1
0,0.356398274,1,4,0.49994525,0,2,1,0,0,0,3,0.303718939,2,2,0,2,0,0,0,2
3,0.433846128,2,1,0.633312801,1,1,0,1,0,1,2,0.136570345,2,1,0,2,0,1,0,1
3,0.326542972,4,4,0.355306996,1,0,1,1,0,1,0,0.797535495,2,1,0.756470797,1,0,0,0,1
0,0.356398274,2,3,0.439457556,0,2,0.442507049,2,0,0.442507049,0,0.252038927,2,1,0,2,0,0,0,1
0,0.600307717,2,4,0.431750046,0,4,1,1,0,1,2,0.771249883,2,1,0,2,0,0,0,1
0,0.497944926,4,0,0.710094829,0,4,0.442507049,2,0,1,3,0.460812845,2,2,0.756470797,3,0,1,0,1
3,0.356398274,4,7,0.557153991,0,4,0.442507049,1,0,1,3,0.797535495,0,2,0.756470797,1,0,0,0,1
3,0.294088411,4,0,0.370329891,0,4,0.756470797,2,0,1,0,0.375112275,2,1,0.442507049,1,1,0,1,1
1,0.433846128,2,4,0.270693403,0,4,1,2,0,0.756470797,2,0.480789044,2,1,0,2,1,0,0,2
3,0.74653634,4,9,0.750381104,4,4,1,2,0,1,0,0.460812845,2,1,0.442507049,2,0,0,0,1
3,0.600307717,2,4,0.421363245,0,1,1,1,0,0.756470797,2,0.500246321,1,1,0,2,0,1,0,1
0,0.409773766,2,0,0.832677347,0,4,0,0,0,1,1,0.623901466,2,1,0,3,0,1,1,2
3,0.600307717,2,4,0.321764169,4,4,1,2,0,0.442507049,2,0.196527382,2,1,0.442507049,2,0,0,0,1
3,0.497944926,2,0,0.549755522,4,3,1,2,0,0.756470797,1,0.375112275,2,1,0,2,0,0,1,1
3,0.356398274,4,3,0.400584456,2,3,0.756470797,1,0,1,2,0.480789044,2,0,0,2,0,1,0,1
1,0.851310727,1,0,0.903460547,4,0,1,2,1,1,3,0.460812845,2,2,0,3,0,1,0,1
1,0.851310727,2,4,0.582178241,0,3,1,2,0,1,0,0.278324539,2,1,0.442507049,2,0,0,0,2
0,0.680542574,2,6,0.900166655,0,1,0,0,0,0,3,0.419187521,2,1,0,1,0,1,0,2
3,0.258538461,2,4,0.552794958,0,2,0,2,0,0.442507049,0,0.375112275,2,1,0,2,1,0,0,1
3,0.497944926,4,4,0.52603505,0,2,0.442507049,1,0,0.442507049,2,0.224797268,2,1,0.442507049,2,0,0,0,1
0,0.356398274,2,3,0.376114555,4,4,0.442507049,0,0,1,1,0.68635955,2,1,0,1,0,1,0,1
3,0.125501505,2,3,0.677596983,0,1,0,1,0,1,1,0.375112275,2,1,0,2,0,0,0,2
3,0.600307717,2,4,0.47141602,1,2,1,2,0,1,2,0.303718939,2,0,0,3,0,1,0,1
3,0.433846128,4,1,0.604495295,3,4,0.756470797,2,0,1,3,0.136570345,2,0,0.442507049,2,0,1,0,1
3,0.356398274,2,3,0.427503027,0,2,1,2,0,0.442507049,0,0.701192967,2,1,0,2,0,0,0,1
2,0.497944926,1,4,0.407611515,4,3,1,2,0,1,2,0.68635955,0,1,0,1,0,0,0,1
3,0.433846128,4,3,0.419382177,4,4,1,2,0,1,1,0.871273319,2,1,0,2,0,0,0,1
1,0.600307717,4,0,0.637307463,1,1,1,0,0,0.442507049,2,0.480789044,2,1,0,2,0,1,0,1
0,0.843619894,2,0,0.873995318,0,1,0,1,0,0,0,0.440289285,2,1,0,1,0,1,0,1
0,0.851310727,2,1,0.68636326,0,3,1,2,0,0.756470797,1,0.224797268,2,1,0,2,1,0,0,1
1,0.851310727,3,2,0.79334327,1,0,0.442507049,2,0,1,3,0.352062362,2,2,0,3,0,1,0,1
1,0.356398274,2,4,0.342463887,0,2,1,1,2,1,0,0.68635955,2,1,0.442507049,2,0,1,0,1
0,0.600307717,3,4,0.32751197,0,1,1,3,0,1,0,0.671226448,1,1,0,2,0,0,0,2
3,0.356398274,2,9,0.339031211,0,2,0.442507049,3,0,0.442507049,0,0.224797268,2,1,0,2,0,1,1,1
1,0.74653634,2,1,0.843318564,0,1,0,3,0,1,2,0.278324539,2,0,0,3,0,1,0,2
0,0.600307717,4,1,0.75458853,0,4,0.442507049,1,0,1,3,0.607437879,2,2,0.442507049,3,1,1,0,1
2,0.802590423,4,1,0.686751783,0,4,1,2,0,1,3,0.784507983,2,2,0,2,0,0,0,1
3,0.851310727,4,9,0.794781569,4,4,1,0,0,0.442507049,2,0.64001097,0,1,0.442507049,3,1,0,0,1
1,0.851310727,2,3,0.856836726,0,1,0,1,0,0.442507049,2,0.224797268,2,1,0,2,0,1,0,2
3,0.356398274,2,1,0.680804945,4,1,0,1,0,1,2,0.03654691,2,0,0,2,0,0,0,1
3,0.294088411,2,0,0.38067711,4,4,1,2,1,0.442507049,1,0.623901466,2,1,0,1,0,0,1,1
3,0.497944926,2,3,0.536537918,0,2,0.756470797,2,0,1,0,0.590604292,2,1,0,2,0,1,0,1
1,0.552626872,4,3,0.556899824,3,3,0.756470797,2,0,0.442507049,2,0.375112275,2,1,0.442507049,2,0,1,0,1
3,0.125501505,2,0,0.229583314,0,0,0,1,0,1,0,0.757752886,2,1,0,0,0,1,0,1
1,0.74653634,0,4,0.632823908,0,2,1,1,0,0,2,0.573383693,2,1,0,2,0,1,0,2
2,0.600307717,4,0,0.390757016,4,3,1,2,0,0.442507049,0,0.480789044,0,1,0.442507049,1,1,0,0,2
0,0.294088411,4,0,0.330669806,0,3,1,2,1,0.756470797,1,0.68635955,2,1,0.442507049,2,0,1,0,1
3,0.851310727,4,0,0.86070692,2,2,0.442507049,2,0,0.442507049,3,0.607437879,0,2,0,2,0,0,0,2
3,0.125501505,2,3,0.422875753,3,2,1,0,0,0.442507049,0,0.397474028,2,1,0,2,0,0,0,1
3,0.680542574,2,1,0.687478522,4,3,0.442507049,1,0,1,1,0.167148594,1,0,0,1,0,0,0,1
0,0.356398274,2,4,0.24786905,1,1,1,3,0,0.756470797,3,0.397474028,2,1,0,1,0,1,0,2
1,0.219239815,2,3,0.37146078,0,2,0.756470797,1,0,1,0,0.167148594,2,1,0,2,0,0,0,2
1,0.258538461,2,0,0.022943277,0,2,1,3,0,1,0,0.10469051,2,0,0,1,0,0,0,1
1,0.851310727,2,2,0.713536942,4,0,0.756470797,2,0,1,3,0.537707281,0,2,0,0,0,1,0,1
3,0.600307717,2,3,0.719092673,1,2,1,2,0,0,2,0.196527382,1,1,0,2,0,0,0,1
2,0.600307717,2,3,0.629434682,0,1,0.442507049,1,0,1,2,0.224797268,2,1,0,2,0,0,0,1
1,0.356398274,2,0,0.234036817,0,3,0.442507049,3,0,0.756470797,2,0.196527382,0,1,0,1,0,0,0,2
2,0,2,0,0.415368731,4,1,0,2,0,0.442507049,0,0.303718939,2,1,0,1,1,0,1,1
0,0.74653634,1,3,0.556984577,0,4,1,2,0,1,2,0.352062362,0,1,0,2,0,0,0,2
0,0.356398274,2,3,0.241713217,0,2,0.442507049,2,2,0.756470797,1,0.500246321,2,1,0,1,1,0,0,1
1,0.600307717,2,3,0.664090012,4,2,0,1,0,1,1,0.671226448,2,1,0,1,0,1,0,1
3,0.356398274,4,7,0.239403604,0,2,1,2,0,0.442507049,2,0.375112275,2,1,0.442507049,2,0,0,0,1
0,0.433846128,3,3,0.622760151,0,4,0,1,0,1,1,0.252038927,2,1,0.442507049,1,0,0,0,1
1,0.680542574,4,0,0.658569419,0,0,1,3,0,0.442507049,2,0.278324539,2,1,0.442507049,3,0,0,0,2
0,0.600307717,2,4,0.475900742,0,1,1,0,0,0.756470797,1,0.375112275,2,1,0,2,0,0,0,2
0,0.600307717,2,1,0.570482508,0,3,0.442507049,2,0,0,3,0.419187521,2,2,0,3,0,1,0,1
0,0.497944926,2,3,0.549493143,3,2,1,2,0,0.442507049,2,0.278324539,2,1,0,2,0,0,0,1
3,0.497944926,4,0,0.328418589,0,2,1,1,0,0.756470797,0,0.460812845,2,1,0.442507049,2,0,0,0,1
0,0.219239815,4,0,0.606558909,0,3,0,2,0,1,0,0.519210956,2,1,0.442507049,1,0,0,1,1
3,0.356398274,4,3,0.7310282,4,4,0.442507049,2,0,1,1,0.68635955,2,0,0,2,0,1,0,1
3,0.600307717,2,0,0.420146123,3,3,1,1,0,0.756470797,2,0.419187521,2,1,0,2,1,1,0,1
2,0.74653634,2,4,0.6705256,0,4,1,2,0,0.442507049,2,0.352062362,2,1,0,2,0,0,0,1
1,0.125501505,2,4,0.337295702,0,4,1,2,0,1,2,0.278324539,2,1,0,2,1,0,0,1
0,0.600307717,4,1,0.761588708,0,0,0.442507049,2,0,1,3,1,2,2,0.442507049,3,0,1,0,1
3,0.497944926,4,7,0.466843194,1,2,1,1,0,0.442507049,0,0.328280585,2,1,0.442507049,2,0,0,0,2
1,0.933015988,2,0,0.787939787,1,1,1,1,0,0.442507049,1,0.167148594,2,1,0,3,0,0,0,2
3,0.851310727,4,1,0.89211398,1,2,0.442507049,1,0,1,2,0.167148594,0,0,0.442507049,1,0,0,0,2
0,0.600307717,0,3,0.650829058,0,4,0.756470797,2,0,1,3,0.136570345,0,0,0.442507049,2,1,0,0,2
0,0.125501505,4,3,0.605598166,0,2,0,0,0,1,0,0.607437879,2,0,0,3,0,1,0,2
1,0.384039966,2,4,0.494689544,0,1,0.442507049,1,2,1,1,0.136570345,2,1,0,1,0,0,0,1
0,0.433846128,2,5,0.378498241,4,2,1,1,0,0.442507049,2,0.167148594,2,0,0,2,0,0,0,2
0,0.600307717,2,3,0.654146025,0,2,1,2,0,1,1,0.278324539,2,1,0,2,0,0,0,1
1,0.294088411,2,3,0.419535167,0,2,1,0,0,0.442507049,2,0.352062362,2,1,0,1,0,0,0,1
1,0.600307717,4,7,0.728689553,0,1,0.442507049,1,0,1,3,0.167148594,2,2,0.442507049,2,0,1,0,1
0,0.552626872,2,3,0.61993238,0,3,0,1,0,1,2,0.224797268,2,0,0,1,0,0,0,1
1,0.497944926,2,4,0.593531706,2,1,0,3,0,0.756470797,0,0.196527382,2,0,0,2,0,0,0,1
1,0.497944926,2,9,0.668749886,0,4,0,2,1,0,0,0.397474028,0,1,0,3,0,1,0,1
2,0.294088411,2,0,0.641529563,0,1,0,2,2,0,1,0.480789044,2,1,0,1,1,0,0,1
3,0.433846128,4,4,0.409854366,0,2,1,1,0,0.442507049,2,0.590604292,2,1,0,1,0,0,0,1
1,0.384039966,4,4,0.292800071,0,1,1,2,2,1,0,0.136570345,2,1,0.442507049,2,0,0,0,1
1,0.600307717,2,4,0.629992671,2,0,0,1,0,1,3,0.136570345,2,0,0,0,0,0,0,1
3,0.125501505,3,9,0.451228771,1,2,0,2,0,0.442507049,0,0.419187521,2,1,0.442507049,1,0,0,0,1
1,0.258538461,4,7,0.351650783,3,4,1,2,0,0.756470797,3,0.375112275,2,2,0.442507049,2,1,0,0,2
3,0.258538461,2,5,0.37127268,0,1,0,1,0,1,0,0.136570345,2,0,0,2,0,1,0,1
1,0.258538461,2,3,0.312261867,0,2,0,1,0,0.442507049,2,0.303718939,2,1,0,2,0,0,1,2
3,0.497944926,4,1,0.594687632,4,0,0.442507049,2,0,1,3,0.500246321,2,1,0,3,0,1,0,1
0,0.356398274,0,4,0.746471971,0,2,1,2,0,0.442507049,1,0.278324539,2,0,0.442507049,2,0,1,0,2
3,0.294088411,2,7,0.24786905,2,4,1,2,0,1,3,0.64001097,2,2,0,2,0,1,0,1
1,0.600307717,2,0,0.373146877,0,1,1,2,0,0.442507049,0,0.136570345,1,1,0,1,0,0,0,2
3,0.356398274,4,4,0.518860106,4,4,0,2,1,1,0,0.68635955,2,1,0,2,0,1,0,1
3,0.74653634,3,4,0.670004735,0,2,1,2,0,0.442507049,2,0.224797268,2,1,0.442507049,3,0,1,0,2
3,0.356398274,2,4,0.263031792,0,2,1,3,0,0.442507049,0,0.278324539,2,1,0,2,0,0,0,1
0,0.680542574,2,3,0.526228544,0,3,1,1,0,1,0,0.136570345,2,0,0,2,0,0,0,2
1,0.497944926,2,7,0.371836525,4,2,1,2,0,1,3,0.847491541,2,2,0,2,0,0,0,1
2,0.356398274,2,4,0.606627382,4,4,0.442507049,2,0,0.756470797,2,0.480789044,2,1,0,3,0,0,0,1
2,0.356398274,3,0,0.51032071,0,2,0.442507049,1,0,0.442507049,2,0.460812845,1,1,0.442507049,2,0,1,0,1
3,0.125501505,2,3,0.454278547,0,2,0,3,0,0.442507049,1,0.071393336,2,0,0,2,0,0,0,1
0,0.497944926,2,3,0.532619384,0,0,1,2,0,0,2,0.196527382,2,1,0,0,0,0,0,2
3,0.356398274,2,9,0.422724943,0,3,0.442507049,2,0,1,2,0.460812845,2,1,0,2,0,1,0,1
3,0.497944926,4,1,0.635621123,0,3,0.756470797,2,0,0,2,0.252038927,2,1,0.442507049,2,0,0,0,1
0,0.497944926,2,3,0.623206873,0,1,0,1,0,1,2,0.10469051,2,0,0,2,0,0,0,1
0,0.74653634,2,3,0.609823104,0,4,1,2,0,0.442507049,2,0.573383693,2,1,0,2,1,0,0,2
1,0.497944926,2,3,0.577647776,0,3,0.442507049,1,0,1,0,0.537707281,2,0,0,2,0,0,0,1
3,0.74653634,2,0,0.583618633,4,2,1,2,0,1,0,0.460812845,2,1,0,2,0,0,0,1
3,0.497944926,4,4,0.741577673,0,4,0.756470797,2,0,1,2,0.397474028,2,1,0.442507049,2,0,1,0,1
3,0.294088411,4,3,0.499620222,0,1,0,1,0,0.756470797,0,0.136570345,2,0,0.442507049,2,0,0,0,1
3,0.933015988,4,0,0.93199257,4,4,0.442507049,2,0,1,3,0.871273319,0,2,0,3,0,1,0,1
1,0.933015988,1,2,0.94873603,1,4,0.756470797,1,0,1,3,0.835311385,0,2,0.442507049,3,0,1,0,2
0,0.851310727,1,9,0.796483763,0,3,0.442507049,1,2,1,2,0.480789044,2,0,0,2,0,0,0,2
3,0.497944926,3,4,0.517759517,0,0,0.442507049,3,0,0.756470797,0,0.419187521,2,1,0.442507049,2,0,0,0,1
3,0.175307667,3,4,0.283110965,4,4,0.756470797,2,0,1,3,0.460812845,2,2,0,2,0,0,0,1
1,0.74653634,2,0,0.941312738,0,4,1,2,0,0.442507049,3,0.797535495,2,2,0,3,0,1,0,2
3,0.125501505,4,0,0.085881976,1,2,1,1,0,1,2,0.730006638,2,1,0.442507049,1,0,0,0,1
0,0.535275271,2,3,0.506668049,4,3,1,2,0,1,2,0.519210956,2,1,0,2,0,1,0,1
1,0.497944926,2,1,0.918405727,0,0,0.756470797,1,0,1,3,0.500246321,2,2,0,3,0,1,0,2
3,0.569207031,2,0,0.379953084,4,3,1,1,0,1,1,0.196527382,2,0,0,2,0,0,0,1
2,0.356398274,2,0,0.388321391,0,1,1,2,0,0,0,0.224797268,2,1,0,2,0,0,0,1
3,0.680542574,3,9,0.659825741,1,2,0.442507049,2,0,0.442507049,1,0.224797268,2,1,0.442507049,1,0,0,0,1
3,0.497944926,4,4,0.509386915,0,2,0.442507049,1,0,0,2,0.196527382,2,1,0.442507049,2,0,0,0,1
3,0.497944926,2,4,0.349594462,4,1,1,1,0,0.442507049,0,0.071393336,2,0,0,2,0,1,0,1
1,0.497944926,4,3,0.786869125,0,0,1,2,0,1,1,0.537707281,1,1,0.442507049,3,0,1,0,1
1,0.433846128,4,9,0.518360484,2,2,0.442507049,2,0,1,2,0.252038927,0,1,0,2,0,0,0,1
3,0.258538461,2,9,0.408254538,0,3,0.756470797,1,0,0.442507049,2,0.252038927,2,1,0.442507049,2,0,0,0,1
3,0.497944926,2,0,0.461285654,0,2,0.442507049,3,0,0.442507049,1,0.328280585,2,1,0,3,0,1,0,1
1,0.356398274,2,3,0.318009667,3,1,0,1,0,1,0,0,2,0,0,1,0,0,0,1
0,0.74653634,2,0,0.596124514,0,3,0.442507049,2,0,1,3,0.519210956,0,2,0,3,1,1,0,1
0,0.125501505,4,4,0.478170561,0,3,0,1,0,1,2,0.352062362,2,1,0,2,0,0,0,1
3,0.258538461,4,3,0.526228544,0,0,0.442507049,2,0,0.756470797,2,0.352062362,2,1,0,3,0,0,0,1
1,0.775615384,3,7,0.89550318,1,3,0.442507049,2,0,0.756470797,3,0.375112275,2,0,0,2,0,1,0,1
0,0.356398274,2,3,0.542294744,0,0,0.756470797,1,0,1,3,0.771249883,2,2,0,3,0,0,0,1
0,0.74653634,4,3,0.520550846,0,2,0.756470797,3,0,0.442507049,1,0.64001097,2,1,0.442507049,2,0,1,0,1
1,0.356398274,2,0,0.368813442,0,4,0,0,0,0,0,0.64001097,2,0,0.442507049,2,0,0,0,2
3,0.600307717,4,4,0.41876921,3,2,1,1,0,0,0,0.590604292,2,1,0.442507049,1,0,0,0,1
3,0.497944926,2,4,0.412075813,0,1,0.756470797,3,0,1,0,0.519210956,2,1,0,2,0,1,0,1
1,0.497944926,4,9,0.469696309,4,2,1,3,0,1,0,0.278324539,0,1,0.442507049,2,0,0,0,1
3,0.600307717,3,9,0.823961165,0,1,0.442507049,2,0,0.442507049,2,0.252038927,0,1,0.442507049,2,0,1,0,2
3,0.409773766,3,0,0.270693403,0,2,1,2,0,0.442507049,2,0.252038927,2,1,0.442507049,1,0,0,0,1
1,0.497944926,3,0,0.569601242,4,4,1,2,0,1,2,0.590604292,2,1,0,2,1,0,0,1
1,0.600307717,2,4,0.487720412,0,1,0,3,0,0,1,0.10469051,2,1,0,2,0,1,0,2
3,0.600307717,4,1,0.505084905,4,3,1,2,0,1,2,0.590604292,2,1,0.442507049,2,1,1,0,1
0,0.433846128,2,4,0.334006329,0,1,1,3,0,0.442507049,0,0.252038927,2,1,0,2,0,0,1,1
3,0.600307717,2,4,0.595119629,2,4,0.756470797,0,0,0.442507049,2,0.224797268,2,1,0,3,0,1,0,1
2,0.356398274,4,0,0.307361179,2,3,1,3,0,0.442507049,0,0.278324539,2,1,0.756470797,2,0,1,0,2
1,0.600307717,2,4,0.479356372,0,4,1,1,0,1,2,0.03654691,2,1,0,2,0,1,0,1
3,0.714997098,4,1,0.783018376,0,3,0.756470797,2,0,0.442507049,2,0.440289285,2,1,0.442507049,3,0,1,0,1
3,0.356398274,4,9,0.51493431,0,0,1,2,0,0.442507049,2,0.573383693,1,1,0.442507049,3,0,1,0,2
3,0.294088411,2,0,0.430877687,2,2,0.756470797,2,0,0.442507049,3,0.537707281,2,0,0,1,1,0,1,1
0,0.600307717,2,0,0.397073972,4,2,1,1,0,0.442507049,1,0.440289285,2,1,0,2,0,0,0,2
3,0.74653634,4,1,0.73266732,0,4,0.442507049,2,0,0.442507049,1,0.440289285,2,1,0.442507049,2,1,1,0,1
0,0.356398274,2,0,0.542384984,0,1,1,2,0,0,0,0.397474028,2,1,0,1,1,0,0,2
0,0.497944926,3,7,0.819148072,4,2,0,1,0,0.442507049,2,0.136570345,2,0,0.442507049,2,0,1,0,1
3,0.552626872,2,0,0.560015313,2,3,0,1,0,0.442507049,2,0.352062362,0,1,0,3,0,0,0,1
1,0.497944926,2,0,0.331564232,4,2,1,1,0,0.442507049,1,0.397474028,2,1,0,2,0,0,0,2
3,0.433846128,2,0,0.59156797,3,3,0.442507049,1,0,0.756470797,2,0.03654691,2,0,0,2,0,0,0,1
1,0.356398274,2,1,0.486461862,4,2,1,2,0,0.442507049,2,0.328280585,2,1,0,2,0,0,0,1
1,0.356398274,4,0,0.312019267,0,3,0.442507049,2,0,0.756470797,0,0.655781302,2,1,0.442507049,1,1,0,0,1
3,0.552626872,3,3,0.430002047,1,3,1,2,0,0.756470797,0,0.419187521,2,1,0.442507049,3,0,0,0,1
1,0.356398274,2,3,0.558336445,4,4,0,1,0,0.442507049,1,0.196527382,0,1,0,2,0,1,0,2
1,0.497944926,2,1,0.559764254,0,2,0,3,0,0.756470797,2,0.071393336,2,0,0,2,0,1,0,1
3,0.655667214,4,4,0.556730226,0,4,1,2,0,0.442507049,2,0.303718939,2,1,0.442507049,2,0,0,0,1
3,0.497944926,4,4,0.354297128,3,2,1,2,0,0.756470797,0,0.64001097,2,1,0.442507049,2,0,0,0,1
3,0.258538461,2,3,0.385329168,0,4,0,2,0,1,2,0.03654691,2,1,0,2,0,0,0,1
0,0.497944926,4,6,0.362451519,0,0,0.442507049,1,0,1,3,0.771249883,2,2,0.756470797,0,1,0,0,2
3,0.068004511,2,9,0.609958124,0,3,0,2,0,1,0,0.99007849,2,1,0,1,0,0,0,1
1,0.600307717,2,2,0.886792037,0,2,0.442507049,2,1,0.756470797,2,0.303718939,0,1,0.442507049,3,0,1,0,2
0,0.125501505,4,3,0.467839553,0,0,1,2,0,1,3,0.460812845,2,2,0.756470797,3,0,1,0,1
3,0.600307717,4,6,0.489878372,0,2,1,0,0,0.442507049,0,0.397474028,2,1,0.442507049,2,0,1,0,1
0,0.258538461,2,3,0.498533506,0,2,0.756470797,2,0,0.442507049,0,0.196527382,2,1,0,2,0,0,0,1
1,0.356398274,2,4,0.413806483,4,2,0.442507049,3,0,0,0,0.196527382,2,1,0,2,0,1,0,2
3,0.125501505,2,6,0.225395361,2,3,0.442507049,3,0,1,0,0.136570345,2,0,0,1,0,0,0,1
3,0.600307717,4,0,0.38067711,3,4,1,1,0,1,0,0.480789044,2,1,0.442507049,2,0,1,0,1
0,0.802590423,4,6,0.606284815,0,0,1,2,1,1,2,0.894323232,2,1,0.442507049,0,0,0,0,1
2,0.356398274,1,9,0.206704793,0,1,1,1,0,0,0,0.224797268,2,1,0,0,0,0,0,2
3,0.356398274,2,0,0.469326141,0,4,1,2,0,1,2,0.519210956,2,1,0,3,0,1,0,1
0,0.356398274,2,3,0.434204121,0,2,0.442507049,1,1,0.756470797,1,0.328280585,2,1,0,2,0,0,0,1
1,0.535275271,3,2,0.546852954,0,2,0.442507049,2,0,0.756470797,2,0.303718939,0,1,0.442507049,2,0,1,0,1
3,0.356398274,2,7,0.245296934,0,4,1,2,0,1,2,0.555757867,0,1,0,1,1,0,0,2
1,0.851310727,4,3,0.700872187,0,2,0.442507049,1,0,0.756470797,2,0.328280585,2,1,0,3,0,1,0,2
3,0.258538461,4,7,0.372773243,4,4,1,1,0,1,1,0.555757867,2,0,0.442507049,1,0,0,0,1
0,0.74653634,2,0,0.464081009,0,1,1,1,0,1,2,0.419187521,2,1,0,2,0,1,0,2
1,0.175307667,2,4,0.542114159,0,2,0.442507049,2,2,0.442507049,0,0.440289285,2,1,0,2,0,0,0,1
2,0.356398274,2,3,0.404206191,4,4,0.756470797,1,0,1,0,0.771249883,2,1,0,3,0,1,0,1
1,0.433846128,3,6,0.418154625,3,2,0.756470797,3,0,0.756470797,1,0.847491541,1,1,0.442507049,2,0,0,0,2
3,0.74653634,4,1,0.88109303,4,2,1,2,0,0.442507049,2,0.328280585,2,1,0,3,0,1,0,1
3,0.125501505,2,4,0.169098958,0,2,0.756470797,1,0,0,0,0.303718939,2,1,0,2,0,0,0,1
3,0.356398274,0,3,0.558083567,0,4,0.442507049,2,0,1,1,0.419187521,2,1,0.442507049,2,0,0,0,1
3,0.600307717,2,1,0.550453757,0,4,1,2,0,1,2,0.440289285,2,1,0,3,0,1,0,1
0,0.600307717,2,0,0.687768583,0,3,0.442507049,2,1,0.756470797,1,0.352062362,2,1,0,2,0,1,0,2
3,0.600307717,2,1,0.551236777,0,1,1,1,0,0,3,0.303718939,2,1,0,3,0,1,0,1
0,0.326542972,4,0,0.638922087,0,2,0.442507049,2,0,0.442507049,0,0.460812845,2,0,0.442507049,2,1,0,0,1
0,0.356398274,2,1,0.605735658,0,4,0.756470797,2,0,1,3,0.440289285,2,2,0,2,0,1,0,2
0,0.125501505,2,5,0.073367767,0,1,1,1,0,0,0,0.252038927,2,1,0,2,0,0,0,1
3,0.497944926,2,4,0.676737384,0,1,0.756470797,2,0,0.442507049,2,0.375112275,2,1,0,2,0,1,0,1
0,0.74653634,2,3,0.621286284,0,2,0,2,2,0.442507049,1,0.480789044,2,1,0,2,1,0,0,1
0,0.433846128,2,0,0.448273723,0,1,0.442507049,2,0,0.756470797,0,0.460812845,2,1,0,2,0,0,0,1
1,0.356398274,2,3,0.578885117,0,1,0.756470797,1,0,0,0,0.419187521,2,0,0,3,0,0,0,1
1,0.356398274,2,8,0.256345914,4,4,1,2,0,1,1,0.500246321,2,1,0.442507049,2,0,0,0,1
3,0.497944926,2,9,0.477336885,0,3,1,2,0,0,2,0.419187521,1,1,0.442507049,2,0,1,0,1
0,0.600307717,2,1,0.571599316,0,2,0.756470797,2,2,1,3,0.871273319,0,1,0,2,1,1,0,1
0,0.600307717,3,4,0.439738176,0,1,1,1,0,0.442507049,2,0.303718939,2,0,0,1,0,1,0,2
3,0.851310727,3,4,0.782536541,4,4,0.756470797,2,0,0.756470797,2,0.375112275,0,1,0.442507049,2,1,0,0,1
3,0.714997098,3,9,0.558504878,0,2,0.442507049,1,0,0.442507049,2,0.224797268,2,1,0.442507049,2,0,1,0,1
3,0.600307717,3,1,0.681003983,0,3,0.756470797,2,0,0.756470797,2,0.440289285,2,1,0.442507049,1,0,1,0,1
1,0.600307717,2,4,0.584599053,1,1,0.756470797,3,0,0.442507049,2,0.10469051,2,0,0,2,0,1,0,2
0,0.125501505,2,7,0.135374416,0,1,1,1,0,1,1,0.136570345,2,1,0,2,0,0,0,2
0,0.258538461,2,0,0.223272786,0,2,1,2,0,0.756470797,2,0.278324539,2,1,0,1,0,0,0,2
3,0.125501505,2,8,0.371648728,4,0,1,2,0,1,1,0.460812845,2,1,0,3,1,1,0,1
1,0.497944926,4,4,0.372960135,0,2,1,3,0,0.442507049,2,0.397474028,2,1,0,2,0,0,0,2
0,0.497944926,0,3,0.586248877,0,1,0,1,0,1,1,0.224797268,2,0,0,2,0,0,0,2
3,0.775615384,2,1,0.541481006,2,2,1,2,0,1,2,0.167148594,2,1,0,2,0,0,0,1
2,0.600307717,2,4,0.703415695,0,3,1,2,0,0.442507049,2,0.196527382,0,1,0,2,0,0,0,1
1,0.356398274,2,9,0.330445662,1,3,0.756470797,2,0,1,0,0.519210956,2,1,0,1,0,0,0,1
0,0.433846128,4,3,0.412864077,0,4,1,2,0,1,2,0.607437879,2,1,0.442507049,2,1,1,0,1
1,0.356398274,4,4,0.618245133,0,2,0,1,0,0,0,0.136570345,2,1,0,1,0,0,0,1
1,0.600307717,2,0,0.364591538,0,1,1,2,0,0,1,0.224797268,2,1,0,2,0,0,0,1
0,0.680542574,2,3,0.621414817,3,4,1,1,0,1,1,0.797535495,2,0,0.442507049,2,0,1,0,1
3,0.433846128,3,3,0.312504214,3,3,0.756470797,1,0,0.442507049,1,0.328280585,2,1,0.442507049,2,0,0,0,1
3,0.356398274,4,0,0.35711379,2,2,1,2,0,1,0,0.607437879,2,1,0,2,0,1,0,1
1,0.125501505,3,0,0.36613565,0,0,1,2,0,1,1,0.655781302,2,1,0,3,0,1,0,2
3,0.356398274,2,4,0.583467432,0,2,0.442507049,2,0,1,2,0.730006638,2,1,0,2,0,1,0,1
3,0.600307717,2,0,0.629930738,0,4,1,1,1,1,3,0.859476806,2,2,0,2,0,1,0,1
3,0.294088411,2,0,0.403224021,1,2,0.756470797,2,0,0.442507049,0,0.440289285,2,0,0,1,0,0,1,1
3,0.125501505,2,0,0.614635143,0,2,0.442507049,2,2,0.756470797,1,0.224797268,2,0,0,2,0,0,0,1
3,0.356398274,4,4,0.475420052,0,4,0.442507049,2,0,0.442507049,3,0.224797268,2,1,0.442507049,2,0,0,0,1
1,0.642578427,0,9,0.814905869,0,4,0.442507049,1,0,1,3,0.573383693,2,2,0.442507049,3,0,1,0,2
3,0.125501505,4,4,0.37146078,1,2,0,1,0,0,1,0.252038927,2,1,0.442507049,2,0,0,0,1
1,0.125501505,2,4,0.08969803,4,4,1,2,0,1,1,0.500246321,2,1,0,2,0,0,0,1
0,0.356398274,4,0,0.49700353,0,2,0.756470797,2,0,0.442507049,0,0.519210956,2,0,0.442507049,1,1,0,1,1
0,0.600307717,2,3,0.577259755,4,2,0.442507049,3,0,1,2,0.03654691,2,1,0,2,0,0,0,2
1,0.74653634,2,3,0.834124598,1,1,1,2,1,0,3,0.303718939,2,0,0,3,0,1,0,2
3,0.600307717,4,3,0.4291231,0,3,1,2,0,0.756470797,1,0.537707281,2,1,0.442507049,2,0,0,0,1
1,0.497944926,2,4,0.383193611,0,4,1,3,2,0.442507049,0,0.375112275,2,1,0,1,0,0,0,1
2,0.125501505,4,0,0.387093954,1,4,0.442507049,0,0,1,2,0.278324539,2,1,0.442507049,2,1,1,0,1
0,0.600307717,2,0,0.586920448,0,1,1,1,0,0,1,0.252038927,2,1,0,2,0,0,0,2
0,0.74653634,2,1,0.718331282,0,4,0.442507049,2,0,1,3,0.573383693,2,2,0,2,1,0,0,1
2,0.258538461,2,4,0.349594462,1,4,0.442507049,0,0,1,0,0.68635955,2,1,0,2,0,0,0,1
1,0.600307717,4,4,0.367478397,1,1,1,2,0,1,3,0.500246321,0,1,0.442507049,2,1,0,0,2
0,0.600307717,2,0,0.365750581,0,1,1,1,0,1,1,0.167148594,2,0,0,2,0,0,0,2
3,0.294088411,2,0,0.384619491,4,2,1,2,2,1,1,0.252038927,2,1,0,1,0,0,0,2
2,0.433846128,4,1,0.521736959,2,2,0.442507049,2,0,0.442507049,2,0.460812845,2,1,0,2,0,1,0,1
1,0.433846128,1,0,0.769713378,1,0,0,2,0,0.442507049,1,0.419187521,2,1,0,3,1,1,0,2
3,0.600307717,2,4,0.402402367,0,2,1,3,0,0.442507049,1,0.278324539,2,1,0,2,0,0,0,1
3,0.775615384,2,1,0.822340734,1,4,1,2,0,0.442507049,2,0.623901466,2,1,0,3,0,1,0,1
0,0.356398274,2,0,0.257882382,0,3,1,2,0,0.442507049,0,0.224797268,2,1,0,2,0,0,0,2
3,0.74653634,2,1,0.681351889,0,2,0.442507049,2,0,0.442507049,3,0.375112275,2,2,0,3,0,1,0,1
2,0.433846128,2,9,0.55193059,0,3,0.442507049,2,0,1,1,0.224797268,2,0,0,2,0,1,0,1
1,0.356398274,3,4,0.197361435,0,2,1,3,1,1,0,0.03654691,2,0,0.442507049,2,0,0,0,1
3,0.600307717,2,0,0.511147617,4,1,1,2,0,0,1,0.757752886,2,1,0,2,0,0,0,1
0,0.125501505,4,0,0.206704793,0,3,1,1,0,0.756470797,1,0.480789044,2,1,0.442507049,2,0,0,1,1
0,0.125501505,4,0,0.393680704,0,1,0.442507049,2,0,1,0,0.537707281,2,1,0,1,1,0,1,1
3,0.74653634,4,3,0.778939626,0,1,0.442507049,1,0,1,1,0.136570345,2,0,0.442507049,2,0,1,0,2
0,0.125501505,2,0,0.364978527,1,4,0.756470797,2,0,0.442507049,1,0.590604292,2,1,0,2,0,1,0,1
3,0.125501505,4,4,0.239071781,4,4,1,2,0,1,3,0.460812845,2,2,0.442507049,2,0,0,0,1
3,0.600307717,4,6,0.71892369,0,4,0.756470797,2,0,1,3,0.607437879,2,2,0.442507049,2,0,0,0,1
0,0.497944926,2,4,0.591859941,0,2,0.442507049,1,0,0.442507049,0,0.167148594,2,1,0,2,0,0,0,2
0,0.851310727,0,3,0.778678229,0,2,0.756470797,2,0,1,3,0.744008224,2,2,0.442507049,2,1,0,0,2
3,0.600307717,2,1,0.612642202,1,3,0.756470797,1,0,1,2,0.136570345,2,1,0,2,0,0,0,1
1,0.497944926,2,4,0.346893795,0,2,1,1,2,1,0,0.224797268,2,1,0,1,1,0,0,1
1,0.629013581,2,1,0.804842103,0,1,0.442507049,2,0,0.756470797,2,0.328280585,2,1,0.442507049,2,0,0,0,1
3,0.433846128,4,7,0.421211453,1,2,1,1,0,0.756470797,2,0.352062362,2,1,0,2,0,0,0,1
3,0,4,4,0.416765846,0,3,0.442507049,2,0,0,0,0.573383693,2,1,0.442507049,1,1,0,0,1
0,0.74653634,2,4,0.515947253,0,2,1,0,0,1,2,0.352062362,2,0,0,2,0,0,0,2
0,0.125501505,2,0,0.226098607,0,1,0.756470797,2,0,1,0,0.555757867,2,1,0,1,1,1,0,1
1,0.74653634,2,7,0.512997487,0,3,0.756470797,2,0,0,2,0.375112275,2,1,0.442507049,2,1,0,0,1
1,0.433846128,2,0,0.547029902,1,2,0.442507049,1,0,1,2,0.278324539,2,0,0.442507049,2,0,1,0,2
3,0.356398274,3,1,0.416765846,0,2,1,3,0,1,0,0.555757867,2,0,0,2,0,0,0,1
3,0.600307717,2,4,0.3849746,1,3,1,3,0,0.756470797,1,0.224797268,2,1,0,2,0,1,0,1
3,0.600307717,2,4,0.585575362,4,1,1,2,0,0.442507049,2,0.196527382,2,1,0.442507049,2,0,0,0,1
2,0.552626872,4,7,0.517659205,0,1,0.442507049,0,0,0,2,0.397474028,2,0,0,2,0,0,0,2
0,0.125501505,2,0,0.395891947,4,0,1,1,0,0.756470797,1,1,2,1,0,3,0,1,0,1
1,0.497944926,4,3,0.620771439,0,4,0.756470797,1,0,1,1,0.480789044,2,1,0,2,0,1,0,1
0,0.851310727,2,0,0.798834124,0,4,1,2,0,1,3,0.573383693,0,2,0,3,0,0,0,2
2,0.497944926,2,3,0.581340239,0,1,0,1,0,0,1,0.623901466,1,1,0,1,0,0,0,1
1,0.356398274,2,4,0.421514939,0,1,0,3,0,0,0,0.136570345,2,0,0,2,0,0,0,2
3,0.600307717,3,0,0.486920304,0,4,1,2,0,1,3,0.835311385,2,2,0.442507049,2,0,1,0,1
0,0.680542574,2,3,0.752073211,4,4,1,2,0,1,1,0.352062362,2,1,0,2,0,0,0,2
2,0.497944926,2,3,0.566774809,0,2,0.442507049,2,0,0,0,0.419187521,2,1,0,1,1,0,0,2
3,0.356398274,4,0,0.374820849,0,4,1,2,0,1,0,0.847491541,2,1,0.442507049,1,0,0,0,1
0,0.600307717,3,0,0.38884546,0,0,1,2,0,0.442507049,0,0.590604292,2,2,0.442507049,2,1,0,0,2
3,0.600307717,4,0,0.485772501,0,2,1,1,0,1,2,0.480789044,2,1,0,2,0,1,0,1
3,0.600307717,2,4,0.424228657,0,3,0.756470797,2,0,0,2,0.375112275,0,1,0,2,1,0,0,1
0,0.356398274,1,4,0.21310319,0,2,1,1,0,1,0,0.167148594,0,1,0,1,0,0,0,2
3,0.851310727,4,1,0.829545459,4,3,0.442507049,2,0,0,3,0.440289285,2,2,0.442507049,2,0,1,0,1
3,0.356398274,4,6,0.321064798,4,3,1,1,0,1,0,0.136570345,2,1,0.442507049,2,0,0,0,1
3,0.125501505,1,4,0.452161201,2,4,0.442507049,2,0,1,1,0.623901466,0,1,0,1,1,0,0,1
0,0.851310727,2,4,0.774721634,0,3,0,3,2,0,0,0.419187521,2,1,0.442507049,2,0,1,0,2
1,0.356398274,4,0,0.482644859,1,1,1,2,0,0,2,0.252038927,2,1,0,2,0,0,0,1
1,0.258538461,2,7,0.364203904,0,3,1,1,0,1,1,0.916684984,2,1,0.442507049,3,0,1,0,1
1,0.356398274,2,4,0.388496212,0,1,0.442507049,2,0,0,2,0.10469051,1,1,0,2,0,0,0,2
1,0.497944926,0,0,0.513508742,1,1,0.756470797,1,0,0.756470797,2,0.278324539,2,1,0.442507049,2,0,0,0,2
3,0.552626872,0,0,0.69658576,4,2,0,1,0,1,1,0.303718939,0,1,0.442507049,2,0,1,0,2
0,0.600307717,1,3,0.616873373,0,3,0.756470797,2,0,1,2,0.252038927,0,1,0,2,0,0,0,2
1,0.497944926,4,3,0.47469715,0,1,0.442507049,2,0,0.442507049,0,0.352062362,2,1,0.442507049,1,0,0,0,2
0,0.600307717,2,1,0.574760982,4,4,1,2,0,1,3,0.68635955,0,2,0,2,1,1,0,1
0,0.600307717,1,4,0.423327595,0,3,1,2,2,1,2,0.167148594,0,0,0,1,0,0,0,2
2,0.125501505,3,4,0.233357184,0,1,0.442507049,1,0,0,1,0.303718939,0,1,0,2,0,0,0,1
1,0.74653634,2,0,0.907630878,4,2,0,2,0,1,3,0.480789044,2,2,0,2,0,1,0,2
1,0.600307717,3,9,0.682639579,4,2,1,2,0,0.442507049,1,0.480789044,0,1,0.442507049,3,0,1,0,1
1,0.600307717,3,4,0.424378496,1,3,0.756470797,1,0,0.442507049,1,0.136570345,2,0,0.442507049,2,0,1,0,1
0,0.356398274,2,0,0.39555312,0,3,0.442507049,0,0,0.756470797,2,0.460812845,2,1,0,2,0,0,0,2
3,0.600307717,4,4,0.542294744,3,4,0.442507049,2,0,0.442507049,2,0.419187521,2,1,0,2,0,0,0,1
1,0.851310727,2,4,0.643290788,4,3,1,2,0,0,2,0.555757867,2,1,0.442507049,2,1,1,0,1
0,0.851310727,2,4,0.766566347,0,2,0.756470797,1,0,0.442507049,2,0.352062362,2,1,0,2,0,1,0,2
0,0.600307717,2,3,0.595047685,0,1,1,1,0,1,0,0.136570345,2,0,0,1,0,1,0,2
3,0.680542574,4,4,0.737086964,0,3,0.756470797,2,1,0.442507049,2,0.500246321,2,1,0,2,0,0,0,1
3,0.600307717,2,1,0.715775171,4,0,0.442507049,1,0,1,1,0.224797268,2,0,0,3,0,1,0,1
0,0.433846128,2,9,0.271850046,0,2,1,1,0,1,1,0.10469051,2,1,0,1,0,0,0,1
1,0.258538461,2,4,0.340324404,0,4,1,2,0,1,2,0.252038927,2,1,0.442507049,1,0,0,0,1
3,0.433846128,4,3,0.560516622,0,3,0.442507049,1,1,0.756470797,2,0.167148594,0,1,0.442507049,2,0,0,0,1
1,0.356398274,2,4,0.572076312,0,3,0.442507049,1,0,0,0,0.252038927,2,1,0,2,0,0,0,1
3,0.600307717,4,7,0.474576448,4,2,0.756470797,1,0,0.442507049,2,0.397474028,2,1,0.442507049,2,0,1,0,1
1,0.74653634,4,0,0.563172184,0,1,1,0,0,1,2,0.252038927,2,1,0.442507049,2,0,0,0,2
3,0.600307717,2,8,0.306865387,0,1,1,3,0,0.756470797,2,0.252038927,2,1,0.442507049,1,0,0,0,1
1,0.497944926,4,0,0.334667933,0,4,0.756470797,2,2,0.756470797,0,0.328280585,0,1,0.442507049,2,0,0,0,2
1,0.356398274,4,0,0.586994948,0,1,0,2,0,0.756470797,0,0.68635955,0,1,0.442507049,1,1,0,0,1
3,0.258538461,2,3,0.398250026,0,2,1,1,0,0.442507049,0,0.224797268,2,0,0,2,0,0,0,1
1,0.74653634,2,6,0.524091205,0,1,1,2,0,0,3,0.397474028,2,0,0,1,0,0,0,2
3,0.356398274,2,0,0.4982065,4,4,1,1,0,1,3,0.730006638,2,2,0,3,0,1,0,1
0,0.497944926,2,3,0.487720412,0,2,0,1,0,1,0,0.03654691,0,0,0,2,0,0,0,2
0,0.258538461,4,0,0.561432892,0,2,0.442507049,2,0,0.442507049,0,0.460812845,2,0,0.442507049,2,1,0,0,1
0,0.356398274,2,3,0.38103828,0,2,1,2,2,0,1,0.071393336,2,1,0,1,0,0,0,1
0,0.497944926,2,5,0.367669587,0,2,1,3,0,0.756470797,0,0.655781302,2,1,0,1,0,1,0,2
0,0.356398274,4,3,0.51021714,0,4,0.756470797,2,0,0.756470797,1,0.835311385,2,1,0.442507049,2,0,0,0,2
0,0.356398274,4,4,0.100182344,0,3,1,1,0,0.756470797,0,0.810340304,2,1,1,1,0,1,0,1
1,0.600307717,3,0,0.479119692,4,2,1,1,0,1,2,0.573383693,2,0,0.442507049,2,0,1,0,1
3,0.552626872,2,9,0.427207253,3,4,1,1,0,1,0,0.460812845,0,1,0,1,0,0,0,1
1,0.600307717,2,0,0.55459975,0,2,0.756470797,1,0,1,1,0.03654691,2,0,0,1,0,1,0,2
0,0.600307717,1,2,0.39316742,4,4,1,2,0,0.756470797,2,0.537707281,1,1,0,3,0,1,0,2
1,0.125501505,1,0,0.305371644,1,1,0,1,0,0,1,0.375112275,1,1,0,1,0,0,0,2
0,0.600307717,2,0,0.40712808,0,3,1,1,0,1,2,0.136570345,2,0,0.442507049,2,0,0,0,2
1,0.600307717,0,9,0.658130843,0,2,0,2,0,1,0,0.460812845,2,1,0.756470797,1,0,1,0,2
3,0.497944926,4,0,0.559429086,0,3,0.442507049,2,0,0.442507049,1,0.352062362,0,1,0.442507049,2,0,0,0,2
3,0.600307717,3,9,0.636405586,0,2,0,2,0,0.442507049,3,0.375112275,2,2,0,2,0,0,0,1
1,0.175307667,2,4,0.518660386,0,1,0,1,2,0,0,0.623901466,2,1,0,2,0,0,0,1
1,0.258538461,2,3,0.302101938,0,2,1,1,0,0,1,0.328280585,2,1,0,2,0,0,0,2
1,0.600307717,1,7,0.463448643,0,3,1,1,0,1,3,0.419187521,0,2,0,1,0,0,0,2
3,0.74653634,2,3,0.603178814,0,2,1,1,0,0.442507049,2,0.278324539,2,1,0,3,0,1,0,2
2,0.294088411,2,3,0.378498241,0,1,1,1,0,0.442507049,1,0.136570345,2,1,0,2,0,0,0,1
0,0.600307717,1,3,0.563831368,2,2,1,2,0,1,0,0.10469051,1,1,0,2,0,1,0,1
3,0.600307717,4,9,0.673266888,0,2,0.756470797,2,0,0.442507049,0,0.99007849,2,1,0,3,0,1,0,1
1,0.74653634,2,4,0.55054089,1,2,1,1,1,1,3,0.701192967,2,2,0,2,0,0,0,2
3,0.497944926,2,4,0.48908566,0,1,1,2,0,0,0,0.397474028,2,1,0,2,0,0,0,1
3,0.433846128,2,1,0.383014761,4,4,1,2,0,1,3,0.623901466,0,2,0,2,1,0,0,1
0,0.356398274,2,5,0.252302976,1,0,1,1,0,0.756470797,1,0.10469051,2,1,0,2,0,0,0,2
2,0.294088411,2,0,0.37202417,1,4,0,1,0,1,3,0.671226448,2,2,0,1,1,0,0,2
0,0.552626872,2,4,0.60373403,3,1,1,1,0,0.442507049,2,0.303718939,0,1,0,2,0,0,0,1
0,0.600307717,1,1,0.622056422,0,2,0,1,2,1,2,0.10469051,0,0,0,2,0,0,1,1
3,0.497944926,3,3,0.459746646,0,3,1,1,0,0,0,0.10469051,2,1,0,2,0,0,0,2
1,0.851310727,0,9,0.904129027,4,2,0.442507049,2,0,0.442507049,2,0.671226448,0,1,0,3,0,1,0,1
1,0.933015988,3,4,0.837272144,4,2,0.442507049,2,0,0.442507049,3,0.252038927,2,2,0,3,0,0,0,1
0,0.125501505,4,0,0.624858661,0,2,0,2,0,0.756470797,0,0.480789044,2,0,0.756470797,2,1,0,0,1
1,0.680542574,2,3,0.609485212,1,2,0.442507049,1,1,1,2,0.071393336,2,0,0,2,0,0,0,2
3,0.356398274,2,0,0.218243521,0,2,1,0,0,0.442507049,0,0.68635955,2,1,0,1,0,0,0,1
1,0.552626872,4,9,0.62333435,0,3,0.442507049,2,0,0.756470797,1,0.252038927,2,1,0.442507049,2,0,0,0,1
3,0.497944926,4,0,0.42090757,0,2,0.756470797,2,0,0.442507049,1,0.375112275,0,1,0.442507049,2,0,0,0,2
3,0.851310727,2,9,0.639457816,4,2,1,0,0,0.442507049,0,0.500246321,0,1,0,2,0,0,0,2
0,0.356398274,2,3,0.466093116,0,1,1,1,0,0,2,0.10469051,2,0,0,2,0,0,0,1
0,0.497944926,2,4,0.544271988,0,2,1,2,0,1,3,0.894323232,2,2,0.442507049,2,0,0,0,2
3,0.433846128,2,4,0.480771416,4,4,1,2,0,0.442507049,2,0.440289285,2,1,0,2,0,0,0,1
2,0.125501505,2,3,0.496344735,0,2,0.442507049,2,0,0.442507049,0,0.555757867,2,1,0,2,0,1,0,1
1,0.258538461,1,0,0.406320116,1,3,0.442507049,2,0,0.756470797,3,0.303718939,2,1,0,2,0,0,0,2
3,0.802590423,4,3,0.646946545,2,2,1,2,0,1,0,0.460812845,2,1,0.442507049,2,0,1,0,1
3,0.258538461,2,7,0.63453056,4,4,0,2,0,1,0,0.882886932,2,1,0,1,0,0,0,1
0,0.600307717,2,4,0.623843564,0,2,0.442507049,1,0,1,2,0.278324539,2,1,0,2,0,0,0,1
0,0.497944926,1,3,0.424378496,0,2,1,2,0,0.756470797,2,0.607437879,0,1,0,2,0,0,0,2
1,0.433846128,2,4,0.407450482,4,1,1,2,0,0,1,0.136570345,2,1,0,2,0,0,0,1
3,0.258538461,2,3,0.480888949,0,1,0.442507049,1,1,0.442507049,2,0,2,0,0.442507049,2,0,0,0,2
1,0.600307717,2,0,0.392653002,0,1,0.756470797,1,0,1,2,0.196527382,2,1,0,1,0,1,0,2
3,0.356398274,2,7,0.399086441,0,4,1,2,0,1,1,0.655781302,0,1,0.756470797,2,1,1,0,1
3,0.600307717,2,4,0.396230281,2,3,1,1,0,0,2,0.278324539,2,1,0,2,0,0,0,1
3,0.933015988,3,4,0.962062022,0,3,0.442507049,2,0,1,2,0.071393336,2,1,0.442507049,2,0,1,0,1
3,0.356398274,2,4,0.415212978,0,1,1,1,0,0.756470797,2,0.419187521,2,1,0,2,1,0,0,1
0,0.802590423,3,4,0.665104047,0,3,0.756470797,2,0,0.442507049,1,0.224797268,0,1,0.442507049,2,1,1,0,2
0,0.497944926,2,7,0.255109396,0,0,1,1,0,0,0,0.252038927,2,1,0,0,0,0,0,2
1,0.433846128,2,6,0.384441733,0,4,1,2,0,1,2,0.500246321,2,1,0.442507049,1,0,0,0,1
3,0.433846128,2,7,0.678201853,1,2,0.756470797,2,0,0.442507049,1,0.537707281,2,1,0,3,0,1,0,2
3,0.600307717,4,4,0.465214959,0,3,1,3,2,0.442507049,2,0.397474028,2,1,0.442507049,2,0,1,0,1
0,0.497944926,4,4,0.468831666,0,3,1,3,0,0,1,0.375112275,2,1,0.442507049,3,0,1,0,1
3,0.74653634,3,9,0.805250786,4,1,1,2,0,1,2,0.252038927,2,0,0.442507049,2,0,1,0,2
0,0.680542574,0,3,0.676179477,0,2,0.442507049,0,2,0.442507049,0,0.375112275,2,1,0.442507049,2,0,0,0,1
3,0.356398274,2,0,0.397914617,2,2,0.442507049,1,0,0.442507049,1,0.224797268,2,1,0,2,0,0,0,2
2,0.600307717,2,0,0.309333852,0,3,1,2,0,0.756470797,3,0.500246321,0,2,0,2,1,0,0,2
0,0.356398274,2,7,0.233697249,0,2,1,2,0,1,2,0.537707281,2,0,0,1,1,0,0,2
0,0.851310727,2,7,0.790066449,0,3,1,2,0,0,3,0.701192967,2,2,0,3,0,1,0,1
1,0.356398274,2,3,0.473971997,0,2,1,2,0,0.442507049,1,0.480789044,2,1,0,1,0,0,0,2
0,0.600307717,2,0,0.516048306,0,4,1,2,1,0,0,0.623901466,2,1,0,2,0,0,0,2
1,0.74653634,3,0,0.808322035,1,4,0.442507049,2,0,1,2,0.573383693,2,1,1,3,0,1,0,2
3,0.600307717,4,1,0.520352572,0,3,1,2,0,0.756470797,2,0.440289285,2,1,0.442507049,2,0,1,0,1
0,0.409773766,2,0,0.642939608,0,0,0,2,0,1,3,0.10469051,2,2,0,2,0,0,0,1
1,0.356398274,2,0,0.294376425,0,4,1,2,0,1,2,0.555757867,0,1,0,1,1,0,0,2
3,0.851310727,2,4,0.86288015,4,3,1,2,0,0.756470797,2,0.480789044,1,1,0,2,0,1,0,1
1,0.680542574,0,9,0.657030775,0,2,0.442507049,1,0,0,2,0.278324539,2,1,0.442507049,2,0,0,0,1
1,0.497944926,4,3,0.75247603,0,4,0.442507049,2,0,0,3,0.555757867,2,1,0,2,0,1,0,1
2,0.356398274,2,4,0.382477383,0,2,0.756470797,3,0,1,0,0.136570345,2,0,0,2,0,0,0,1
0,0.356398274,2,0,0.297497466,4,2,1,3,0,0.442507049,2,0.136570345,2,1,0,2,0,0,0,2
3,0.552626872,2,3,0.509698597,0,4,1,2,0,0.442507049,0,0.701192967,2,1,0.442507049,2,0,0,0,1
1,0.125501505,3,3,0.33334284,0,0,1,2,0,0,1,0.440289285,1,1,0.442507049,3,0,1,0,1
2,0.125501505,4,7,0.332677453,0,2,0.442507049,1,0,1,1,0.701192967,2,1,0,1,0,0,0,1
3,0.600307717,4,2,0.750750001,0,0,1,2,1,0.442507049,3,0.252038927,0,1,0.442507049,3,0,1,0,1
1,0.680542574,1,3,0.613175323,3,2,1,2,0,0.442507049,2,0.419187521,1,1,0,2,1,1,0,1
3,0.851310727,1,9,0.620578078,0,2,0,1,0,0,0,0.252038927,1,1,0,2,0,0,0,1
0,0.356398274,4,0,0.689021355,0,4,0.756470797,2,1,1,1,0.590604292,2,0,0.442507049,2,0,1,0,2
2,0.680542574,4,4,0.578885117,0,4,1,2,0,1,1,0.655781302,2,1,0,2,0,0,0,1
3,0.600307717,4,9,0.652465339,1,2,0.756470797,2,0,0.756470797,1,0.252038927,2,1,0.442507049,1,0,1,0,1
3,0.74653634,2,9,0.728649024,1,3,0.442507049,2,0,0.442507049,2,0.352062362,2,1,0.442507049,2,0,1,0,1
3,0.933015988,2,0,0.866136101,0,4,0.442507049,2,0,1,1,0.573383693,2,1,0,3,0,1,0,1
3,0.125501505,4,0,0.492352323,2,2,0,3,0,0.442507049,2,0.167148594,2,1,0,2,0,0,0,1
3,0.552626872,3,9,0.542475189,2,1,1,2,0,0.442507049,0,0.555757867,0,1,0,1,1,0,0,2
3,0.680542574,4,4,0.673472474,0,3,1,1,0,1,2,0.224797268,2,0,0,3,0,1,0,1
3,0.600307717,4,3,0.703325333,0,4,1,2,0,1,2,0.397474028,2,1,0,2,0,1,0,1
1,1,2,4,0.72261327,1,2,0.442507049,3,0,0.442507049,2,0.167148594,2,1,0,2,0,0,0,2
0,0.600307717,2,4,0.524091205,0,4,1,2,0,1,0,0.882886932,0,0,0,1,0,0,0,1
3,0.497944926,2,4,0.40889579,0,1,0.756470797,1,0,0,0,0.224797268,2,1,0,2,0,0,0,1
3,0.125501505,2,7,0.422120727,0,1,0,1,0,0.442507049,3,0.784507983,2,1,0,2,0,0,0,1
3,0.356398274,2,4,0.513610858,4,2,1,2,0,1,3,0.480789044,2,2,0,2,0,1,0,1
3,0.433846128,3,4,0.412864077,0,2,1,3,0,0.756470797,0,0.397474028,0,1,0.442507049,2,0,0,0,1
3,0.600307717,4,4,0.70119165,0,1,0.756470797,3,0,0.756470797,3,0.655781302,2,2,0.756470797,2,0,1,0,1
1,0.74653634,3,9,0.854417234,1,3,0,2,0,0.756470797,1,0.352062362,2,1,0.442507049,1,1,1,0,1
3,0.933015988,2,0,0.758471784,4,2,1,2,0,1,3,0.419187521,2,2,0,2,1,1,0,1
2,0.294088411,4,4,0.391275637,4,3,1,2,0,0.442507049,1,0.252038927,2,1,0.442507049,2,0,1,0,1
1,0.74653634,3,0,0.566612258,1,4,1,2,0,0.756470797,3,0.328280585,2,2,0,2,0,0,0,1
3,0.258538461,2,4,0.557576986,1,4,0.756470797,2,1,1,2,0.440289285,2,1,0,2,0,1,0,1
0,0.356398274,2,0,0.62327062,3,2,0,2,0,0.756470797,1,0.352062362,2,1,0,2,1,0,0,1
0,0.433846128,4,3,0.31610946,0,2,0.442507049,0,0,0.756470797,1,0.196527382,2,1,0.442507049,2,0,0,0,1
1,0.433846128,2,6,0.547029902,1,2,0.756470797,1,0,0.442507049,0,0.196527382,2,1,0,1,0,0,0,1
1,0.600307717,2,4,0.569360317,1,1,0.442507049,2,0,0,2,0.303718939,2,1,0,2,0,0,0,1
0,0.125501505,4,0,0.682837054,4,1,0,2,0,0.756470797,0,0.607437879,2,1,0.442507049,1,1,0,0,1
3,0.600307717,2,4,0.514120769,0,3,1,2,0,0.442507049,2,0.278324539,2,1,0,2,0,1,0,1
3,0.125501505,2,1,0.37127268,2,2,0.442507049,2,0,1,1,0.701192967,2,0,0,2,0,0,0,1
1,0.356398274,2,4,0.344794826,0,3,1,2,2,0.756470797,0,0.303718939,2,1,0.442507049,2,0,0,1,1
3,0.356398274,4,0,0.304119495,0,0,0,1,0,0.442507049,1,0.500246321,2,1,0,0,0,0,0,1
3,0.497944926,4,4,0.458714959,0,2,1,2,0,0.442507049,2,0.167148594,2,1,0.442507049,2,0,0,0,1
2,0.433846128,2,7,0.471905042,0,4,1,2,0,1,2,0.537707281,2,0,0,3,0,1,0,1
3,0.356398274,2,3,0.348974006,2,2,1,1,0,1,2,0.303718939,2,0,0,1,0,0,0,2
0,0.851310727,4,1,0.751375788,0,4,1,2,0,1,3,0.64001097,2,2,0.442507049,2,0,1,0,2
2,0.600307717,2,4,0.396399264,1,4,1,1,0,0.442507049,3,0.655781302,2,2,0,2,0,1,0,1
1,0.680542574,3,9,0.535425052,1,4,1,2,0,0.442507049,1,0.555757867,1,1,0.442507049,2,0,0,0,1
1,0.642578427,2,9,0.537737549,0,1,1,1,0,0,1,0.375112275,2,1,0,2,1,1,0,1
3,0.433846128,2,0,0.711058517,2,4,0,1,0,1,3,0.440289285,2,2,0,2,0,0,0,1
1,0.851310727,2,0,0.759645527,1,3,0.756470797,2,0,0.442507049,1,0.167148594,2,1,0,2,0,0,0,2
1,0.356398274,0,3,0.575153188,0,1,1,1,0,0.756470797,1,0.196527382,2,0,0.442507049,2,0,0,0,2
1,0.258538461,2,4,0.365557808,0,4,1,1,0,1,0,0.196527382,2,1,0,2,0,0,0,1
1,0.258538461,2,4,0.496564541,0,2,0.442507049,2,0,0.442507049,0,0.480789044,2,1,0,1,1,0,0,1
3,0.497944926,4,4,0.214214286,2,4,1,2,0,0.756470797,1,0.375112275,0,1,0.442507049,3,0,1,0,1
0,0.125501505,1,7,0.364009845,0,4,1,1,0,1,3,0.440289285,2,2,0,2,0,0,0,2
3,0.552626872,2,1,0.532901477,4,4,1,2,0,1,0,0.64001097,2,1,0,3,0,1,0,1
0,0.258538461,4,4,0.352059877,0,2,1,2,0,1,0,0.196527382,2,1,0.442507049,1,0,0,0,1
1,0.933015988,2,0,0.936533421,0,3,1,2,0,0.442507049,3,0.252038927,2,1,0,3,0,1,0,2
3,0.680542574,4,1,0.79377263,4,4,0,2,0,1,2,0.871273319,2,1,0.442507049,2,0,0,0,1
3,0.680542574,4,4,0.583467432,4,4,0.756470797,2,0,0.442507049,2,0.537707281,2,1,0.442507049,2,1,1,0,1
3,0.497944926,2,4,0.41707518,0,2,1,2,0,0.442507049,3,0.375112275,2,2,0,3,0,1,0,1
2,0.600307717,4,4,0.588775823,4,2,0.756470797,2,0,0.442507049,2,0.352062362,2,1,0.442507049,2,0,1,0,1
1,0.535275271,0,1,0.744549298,1,4,0.756470797,3,0,1,2,0.352062362,0,1,0.442507049,2,0,1,0,1
2,0.258538461,0,4,0.389542389,0,1,1,2,0,0.442507049,2,0.419187521,2,1,0.442507049,3,0,1,0,2
1,0.125501505,1,7,0.127465135,3,1,1,1,0,0.442507049,1,0.167148594,0,0,0,2,1,0,0,2
0,0.356398274,2,0,0.36976238,0,2,1,1,0,0.442507049,0,0.167148594,2,1,0,1,0,0,0,2
1,0.258538461,2,4,0.267188582,2,2,1,1,0,0.756470797,0,0.90558755,2,1,0,1,0,0,0,1
3,0.642578427,2,0,0.541571562,0,2,0.756470797,1,0,0.756470797,0,0.071393336,2,0,0,2,0,0,0,2
3,0.125501505,4,0,0,3,2,0.442507049,1,0,0.442507049,0,0.555757867,0,1,0.442507049,1,0,0,0,1
3,0.433846128,4,4,0.38586001,2,2,0.442507049,3,0,0.442507049,1,0.655781302,2,1,0.442507049,1,0,0,0,1
0,0.497944926,2,4,0.469079035,0,2,1,1,0,1,2,0.196527382,0,0,0.442507049,2,0,0,0,2
1,0.851310727,1,9,0.754479732,0,4,1,1,0,0.756470797,3,0.822929896,2,0,0,2,0,0,0,2
2,0.600307717,4,9,0.378498241,3,2,0.442507049,0,0,1,0,0.460812845,2,1,0.442507049,2,0,1,0,1
1,0.600307717,3,4,0.754007684,0,1,0,2,0,0.442507049,2,0.397474028,2,1,0,2,0,0,0,1
0,0.600307717,2,4,0.481710022,0,2,0.442507049,2,0,1,0,0.071393336,2,0,0,1,1,0,0,2
1,0.219239815,2,4,0.258188463,0,3,1,1,2,0.442507049,0,0.607437879,2,1,0,1,0,0,0,1
3,0.600307717,2,1,0.544540315,3,2,0.442507049,1,0,1,2,0.278324539,2,0,0,2,0,1,0,1
3,0,4,0,0.605322937,0,3,0,1,0,0,0,0.480789044,2,1,0,2,1,0,0,1
1,0.74653634,1,5,0.643933246,4,1,0.756470797,1,0,0.442507049,3,0.303718939,0,1,0,0,0,0,0,1
1,0.600307717,2,1,0.89151073,0,2,0,1,0,1,2,0.136570345,2,0,0.442507049,3,0,0,0,2
0,0.497944926,2,0,0.665635981,1,2,0.756470797,2,0,1,2,0.440289285,2,1,0,1,1,1,0,1
3,0.125501505,4,0,0.766669642,0,3,0,2,0,0.756470797,3,0.623901466,2,1,0.442507049,3,1,1,0,1
1,0.680542574,0,9,0.660261138,1,2,1,1,0,1,2,0.224797268,2,0,0.442507049,1,0,0,0,2
0,0.600307717,1,0,0.51826043,1,3,0.442507049,2,0,0.756470797,2,0.375112275,0,1,0,2,0,0,0,1
1,0.294088411,1,4,0.33289946,0,2,1,2,0,1,0,0.136570345,1,1,0,1,0,0,0,1
3,0.552626872,2,4,0.589661177,4,4,1,2,0,0.756470797,1,0.555757867,2,1,0,2,0,1,0,1
0,0.600307717,1,3,0.533558369,2,2,1,2,0,1,0,0.10469051,1,1,0,2,0,1,0,1
0,0.775615384,4,3,0.939042072,4,3,1,2,0,1,1,0.328280585,2,1,0.442507049,3,0,1,0,1
0,0.384039966,4,9,0.458326894,0,1,0.756470797,2,0,0,1,0.278324539,0,1,0.442507049,1,0,0,0,1
0,0.433846128,2,0,0.536167553,0,0,0,1,0,1,2,0.136570345,2,0,0,2,0,0,0,1
0,0.356398274,2,0,0.378315745,0,1,0.756470797,1,0,0,0,0.480789044,2,1,0,1,0,0,0,2
3,0.552626872,2,1,0.707712359,4,2,0,2,0,0.756470797,2,0.224797268,2,1,0,2,0,0,0,1
3,0.433846128,2,1,0.579808825,0,3,0.442507049,2,0,0.442507049,2,0.397474028,2,1,0,2,0,0,0,1
0,0.125501505,2,3,0.124767839,0,4,0.442507049,1,0,0,1,0.68635955,0,1,0,2,0,1,0,1
0,0.497944926,2,0,0.316347836,0,1,0,1,0,0.442507049,2,0.136570345,2,1,0,1,0,0,0,2
1,0.356398274,2,9,0.281732784,1,3,0.442507049,1,0,1,0,0.136570345,2,0,0,1,0,0,0,1
3,0.680542574,4,4,0.729821489,0,3,1,1,0,0.442507049,2,0.196527382,2,1,0.442507049,2,0,0,0,1
3,0.356398274,3,6,0.424677884,3,4,1,2,0,1,3,0.771249883,2,2,0.442507049,2,1,0,0,2
0,0.600307717,2,0,0.380315379,4,3,1,1,0,1,3,0.375112275,2,0,0,2,0,0,0,2
2,0.125501505,4,0,0.382835772,0,2,0,2,0,0,0,0.99007849,2,1,0.756470797,0,1,0,1,1
2,0.433846128,4,4,0.377767396,4,2,0.756470797,2,0,1,3,0.519210956,2,2,0.442507049,2,0,1,0,2
3,0.600307717,2,0,0.399086441,0,2,0.442507049,2,2,0.442507049,0,0.352062362,2,1,0,2,0,1,0,1
0,0.356398274,4,0,0.23606389,0,4,1,2,0,0.756470797,1,0.440289285,2,1,0.442507049,2,0,0,0,2
3,0.433846128,4,0,0.698531346,4,4,0,1,0,1,2,0.822929896,2,1,0,2,0,1,0,1
0,0.497944926,4,3,0.497222715,0,2,1,1,0,1,0,0.167148594,2,0,0.442507049,2,0,0,0,2
0,0.356398274,2,4,0.506878324,0,2,1,2,0,0.756470797,1,0.167148594,2,1,0,1,0,0,0,1
3,0.552626872,4,0,0.913034755,4,4,1,2,0,1,3,0.328280585,2,2,0,3,0,1,0,2
3,0.600307717,4,0,0.531676596,1,3,1,3,0,0.756470797,1,0.252038927,2,1,0.442507049,2,0,1,0,1
1,0.356398274,2,4,0.355508445,0,4,0.756470797,3,2,0.756470797,0,0.537707281,0,1,0.442507049,1,0,0,0,1
0,0.680542574,2,3,0.585800083,0,1,0.442507049,0,0,1,1,0.352062362,2,1,0,1,0,0,0,2
3,0.294088411,2,1,0.569761721,4,1,0,1,0,1,0,0.352062362,2,0,0,2,0,0,0,1
1,0.356398274,4,3,0.62109335,0,4,0,2,0,1,2,0.278324539,2,0,0.756470797,2,0,1,0,1
3,0.356398274,4,4,0.439176597,0,4,0.442507049,2,0,1,0,0.871273319,2,1,0.442507049,1,0,1,0,1
0,0.600307717,2,1,0.562511128,4,4,0.442507049,1,0,1,0,0.224797268,2,0,0,2,0,0,0,1
0,0.74653634,4,7,0.80771679,0,2,0.756470797,1,0,0.442507049,3,0.196527382,2,1,0.442507049,3,0,1,0,2
3,0.552626872,4,1,0.597979297,0,4,0,2,0,1,2,0.460812845,2,1,0,3,0,1,0,1
3,0.600307717,4,4,0.507822217,1,4,1,2,0,1,1,0.730006638,0,1,0.442507049,2,0,0,0,1
2,0.356398274,4,0,0.413178636,2,0,0.442507049,2,0,1,3,0.90558755,0,2,0.756470797,0,0,0,0,1
0,0.600307717,2,0,0.395383521,4,2,1,1,0,1,0,0.196527382,2,0,0,2,0,0,0,2
3,0.74653634,4,0,0.615756948,0,3,1,2,0,1,2,0.480789044,2,1,0.442507049,2,0,1,0,1
0,0.497944926,2,4,0.61403905,0,3,1,1,2,0,0,0.196527382,2,1,0,2,0,0,0,1
3,0.74653634,4,1,0.727389135,3,4,1,2,0,0.442507049,2,0.500246321,2,1,0.442507049,3,0,1,0,1
1,0.497944926,2,6,0.636947131,0,0,0.442507049,1,0,1,2,0.916684984,2,1,0,2,0,1,0,1
1,0.775615384,4,4,0.693306538,0,3,0.442507049,2,2,0.442507049,0,0.196527382,2,1,0.442507049,2,0,0,0,2
3,0.600307717,4,0,0.476140715,3,4,1,2,0,1,0,0.835311385,2,1,0,2,0,1,0,1
1,0.356398274,0,8,0.40190798,0,2,0.442507049,2,0,0.442507049,0,0.352062362,2,1,0,1,0,1,0,1
1,0.356398274,2,0,0.280346394,1,1,1,1,0,0.442507049,1,0.136570345,0,1,0,1,0,0,0,2
1,0.535275271,2,1,0.756358409,4,0,0,0,0,1,0,0.835311385,2,1,0,3,0,1,0,1
1,0.497944926,2,9,0.476260609,3,2,1,2,0,0.442507049,1,0.440289285,2,1,0,1,0,1,0,1
3,0.569207031,2,4,0.550889093,2,4,0.756470797,2,0,1,2,0.537707281,2,1,0,2,0,0,0,1
3,0.851310727,4,1,0.55740788,4,4,1,2,0,0.756470797,2,0.500246321,2,1,0.442507049,2,1,1,0,1
1,0.851310727,3,7,0.747408689,0,4,1,2,0,1,3,0.701192967,2,2,0,2,0,0,0,2
0,0.784825534,4,7,0.738800551,0,2,1,2,0,0.756470797,3,0.252038927,0,1,0,2,0,1,0,2
1,0.552626872,2,9,0.362060302,0,4,0.442507049,1,0,1,1,0.519210956,2,1,0,2,1,0,0,2
3,0.600307717,2,1,0.750713138,4,4,0.756470797,2,0,1,2,0.555757867,2,1,0,3,1,1,0,1
3,0.125501505,4,3,0.368432782,4,2,0,3,0,0.442507049,1,0.252038927,2,1,0.442507049,2,0,0,0,1
2,0.600307717,2,3,0.569038695,0,4,0.756470797,0,0,1,3,0.715738338,2,2,0,2,0,0,0,1
3,0.600307717,2,3,0.582330282,2,4,1,2,0,0.756470797,3,0.375112275,2,0,0,2,0,1,0,1
3,0.258538461,2,3,0.515846157,1,1,0.442507049,1,0,1,1,0.10469051,2,0,0,2,0,0,0,1
0,0.497944926,2,1,0.791153528,4,4,0,2,0,1,1,0.715738338,2,2,0,2,1,1,0,2
3,0.356398274,4,3,0.375376175,0,1,0.442507049,1,0,1,1,0.10469051,2,0,0.442507049,1,0,0,0,1
3,0.600307717,3,0,0.24464944,4,4,1,3,0,1,2,0.757752886,2,1,0.442507049,2,0,1,0,1
1,0.258538461,2,0,0.423778562,4,1,1,2,0,0.442507049,0,0.440289285,2,1,0,0,0,0,0,1
3,0.600307717,4,7,0.430877687,0,4,1,2,0,1,3,0.757752886,2,2,0.442507049,2,1,0,0,1
1,0.497944926,4,4,0.458067824,0,4,0.756470797,1,2,1,0,0.671226448,0,0,0.442507049,1,0,1,0,1
0,0.535275271,4,3,0.659825741,0,4,0,1,0,1,1,0.167148594,2,1,0.442507049,2,0,0,0,1
3,0.356398274,4,4,0.316347836,4,4,1,2,0,1,2,0.440289285,2,1,0.442507049,2,0,0,0,1
1,0.356398274,2,0,0.789941888,4,0,0,1,0,0.442507049,0,0.167148594,2,0,0,0,0,0,0,1
0,0.74653634,2,0,0.84015186,0,3,0.442507049,2,0,0,2,0.167148594,2,1,0,2,0,1,0,2
1,0.125501505,2,4,0.199339136,0,1,0.756470797,3,0,0.756470797,0,0.224797268,2,1,0,1,0,0,1,1
3,0.356398274,4,4,0.305121753,4,4,1,2,0,1,0,0.894323232,2,1,1,2,0,0,0,1
1,0.802590423,1,1,0.840452926,0,0,0,2,0,0.442507049,3,0.771249883,0,2,0,3,0,1,0,1
1,0.433846128,0,0,0.455854012,0,1,0.442507049,1,0,0,0,0.224797268,2,0,0.442507049,0,0,0,0,2
1,0.219239815,2,9,0.299298932,0,1,0.756470797,3,0,0.442507049,0,0.224797268,2,1,0,2,0,1,0,1
1,0.125501505,2,4,0.153327351,0,3,0.756470797,3,2,0.756470797,0,0.278324539,0,1,0,1,0,0,0,1
0,0.74653634,4,1,0.848970302,0,3,1,2,0,1,2,0.167148594,2,1,0.442507049,2,0,1,0,2
0,0.851310727,2,5,0.581492827,0,2,0.756470797,2,0,1,2,0.757752886,2,1,0,2,0,0,0,2
0,0.851310727,2,0,0.640466396,0,3,1,2,0,1,3,0.64001097,2,2,0,2,1,0,0,2
1,0.74653634,3,0,0.788692594,0,2,0.442507049,1,0,0.442507049,1,0.757752886,2,0,0,2,0,0,0,1
3,0.125501505,2,5,0.389716296,2,2,0,0,0,1,0,0.859476806,2,1,0,2,0,0,0,1
3,0.125501505,4,4,0.424528238,0,3,0,1,0,0.442507049,2,0.167148594,2,0,0.442507049,2,0,1,0,1
0,0.74653634,2,2,0.965075895,0,0,0.442507049,0,1,0.756470797,2,0.590604292,2,1,0,3,0,0,0,1
0,0.497944926,2,4,0.390930018,0,2,1,3,0,0.756470797,0,0.224797268,0,1,0,2,0,0,0,2
3,0.356398274,2,0,0.344372751,0,2,0.756470797,3,0,0.442507049,0,0.252038927,2,1,0.442507049,2,0,1,0,1
2,0.356398274,2,4,0.578807975,0,2,0.756470797,3,0,0,2,0.167148594,2,1,0,2,0,0,0,1
0,0.74653634,2,3,0.554085522,0,4,0.442507049,2,0,0.442507049,1,0.555757867,0,1,0,2,1,0,0,2
0,0.219239815,4,0,0.249144527,0,4,1,2,0,1,0,0.655781302,2,1,0.442507049,1,0,0,0,1
3,0.497944926,4,3,0.631351038,0,1,0.756470797,0,0,0.442507049,2,0.440289285,2,1,0.442507049,3,0,1,0,1
0,0.552626872,4,0,0.431604879,0,4,1,3,0,0.756470797,2,0.328280585,2,1,0.442507049,2,0,1,0,1
0,0.497944926,4,0,0.642529226,0,4,0,1,0,1,0,0.397474028,0,0,0.756470797,2,0,1,0,2
3,0.497944926,0,9,0.653922634,0,2,0.442507049,2,0,0.442507049,2,0.460812845,1,1,0.442507049,2,1,0,0,2
0,0.74653634,2,1,0.815381061,4,4,0.756470797,2,0,1,3,0.655781302,2,2,0,2,0,0,0,2
1,0.851310727,3,9,0.763899313,4,2,1,2,0,1,3,0.500246321,2,2,0,2,1,1,0,1
3,0.600307717,3,9,0.52321115,2,2,1,2,0,0.442507049,2,0.607437879,2,1,0.442507049,2,1,1,0,1
0,0.497944926,2,0,0.367478397,0,1,1,1,0,0.756470797,2,0.136570345,2,0,0,2,0,1,0,2
0,0.827745492,0,9,0.896608903,0,4,0.442507049,2,0,1,2,0.303718939,2,0,0.442507049,2,0,0,0,2
1,0.600307717,2,4,0.700323515,4,4,0.442507049,1,0,1,2,0.573383693,2,1,0,2,0,1,0,1
2,0.433846128,2,4,0.518460494,0,1,0.442507049,1,0,0.756470797,0,0.196527382,2,1,0,1,0,0,0,2
0,0.356398274,0,0,0.340324404,0,2,1,2,0,1,2,0.671226448,0,1,0.442507049,2,0,0,0,2
3,0.356398274,2,4,0.293852159,4,2,1,1,0,0.442507049,2,0.071393336,2,1,0,2,0,0,0,1
3,0,2,3,0.203631823,0,1,0,1,0,0.756470797,0,0.136570345,2,0,0,1,1,0,0,1
0,0.600307717,4,1,0.574210781,0,4,1,2,0,1,1,0.871273319,2,1,0.442507049,2,0,1,0,1
3,0.600307717,4,4,0.545254347,0,4,1,3,1,0.756470797,0,0.64001097,2,1,0.442507049,2,0,0,0,1
0,0.74653634,2,3,0.70463217,0,3,1,2,0,0.442507049,1,0.303718939,2,1,0,2,0,0,0,2
3,0.552626872,3,1,0.577026631,0,2,0.756470797,2,0,0.442507049,0,0.278324539,1,1,0.442507049,1,0,0,0,1
3,0.497944926,2,6,0.476500212,0,1,1,1,0,1,0,0.136570345,2,1,0,2,0,0,0,2
3,0.600307717,1,9,0.425275507,0,3,1,2,0,1,2,0.701192967,0,1,0,2,0,1,0,1
3,0.497944926,2,3,0.608196728,0,4,1,2,0,1,1,0.655781302,0,1,0.756470797,2,1,1,0,1
1,0.552626872,2,3,0.643115264,4,3,0.442507049,2,0,0.756470797,2,0.440289285,2,1,0,2,0,1,0,1
3,0.497944926,2,0,0.766669642,4,2,0.442507049,2,0,1,2,0.927620406,2,0,0.442507049,2,0,0,0,2
3,0.600307717,2,0,0.373706207,0,1,1,3,0,0.442507049,0,0.278324539,2,1,0,2,0,0,0,1
0,0.258538461,2,4,0.394192858,0,3,0.756470797,2,0,1,0,0.822929896,2,1,0,2,0,0,0,1
0,0.356398274,2,4,0.242041299,0,4,1,2,0,1,0,0.797535495,1,1,0,1,0,0,0,2
0,0.535275271,4,0,0.509074816,0,2,1,3,2,0.442507049,1,0.397474028,0,0,0.442507049,2,0,0,1,2
3,0.600307717,4,1,0.646946545,4,3,0.756470797,2,0,1,1,0.590604292,2,1,0.442507049,2,0,1,0,1
3,0.433846128,4,4,0.411759758,0,2,1,2,0,1,3,0.440289285,2,2,0.442507049,2,0,1,0,1
0,0.497944926,1,0,0.40712808,0,3,1,2,0,1,3,0.375112275,2,2,0.442507049,1,1,0,0,2
3,0.74653634,3,0,0.877293159,0,4,0.442507049,2,0,0.442507049,2,0.623901466,2,1,0.442507049,2,1,1,0,1
3,0.600307717,2,0,0.412233679,1,1,1,3,0,0.756470797,0,0.397474028,2,1,0,2,0,1,0,1
3,0.294088411,2,8,0.295942176,4,3,1,1,0,0.756470797,1,0.537707281,2,1,0,2,0,1,0,1
3,0.433846128,4,3,0.602761531,0,2,1,2,0,0.442507049,3,0.278324539,2,2,0,2,0,1,0,1
0,0.433846128,2,0,0.64211812,0,2,0.756470797,1,0,0.442507049,1,0.303718939,2,1,0,2,0,1,0,2
3,0.258538461,2,0,0.618505507,1,2,0,2,2,0.442507049,0,0.224797268,2,0,0,2,1,0,1,1
3,0.600307717,4,1,0.731148528,3,2,1,2,0,0.442507049,0,0.252038927,2,1,0.442507049,2,0,0,0,1
3,0.497944926,3,9,0.502100581,0,2,1,3,0,0.442507049,2,0.278324539,2,1,0,2,0,1,0,2
0,0.600307717,2,4,0.529398201,0,1,1,1,0,1,0,0.440289285,2,1,0,2,0,1,0,2
3,0.642578427,4,3,0.673266888,3,1,1,2,0,0.442507049,0,0.375112275,1,1,0.442507049,1,1,1,0,1
3,0.294088411,2,3,0.506457585,0,2,0.442507049,2,0,0.442507049,0,0.196527382,0,0,0,1,0,0,0,2
3,0.433846128,2,3,0.507612793,2,2,0.442507049,1,0,1,2,0.03654691,2,0,0,2,0,0,0,1
0,0.497944926,2,4,0.52457869,0,1,1,1,0,0,2,0.252038927,1,1,0,2,0,0,0,1
3,0.356398274,4,3,0.601924715,0,4,0.442507049,2,0,1,1,0.573383693,1,1,0,2,0,0,0,1
3,0.74653634,2,9,0.787971203,4,4,0.756470797,2,0,0.442507049,1,0.480789044,2,1,0.442507049,2,0,0,0,1
0,0.356398274,2,3,0.222560938,0,4,1,1,0,1,1,0.167148594,2,0,0,2,0,0,0,1
3,0.74653634,3,3,0.796271669,2,3,0.442507049,1,0,1,2,0.537707281,2,1,0.442507049,2,0,1,0,1
2,0.125501505,4,0,0.390583886,0,4,0,2,0,1,0,0.64001097,2,1,0.442507049,2,1,0,1,1
0,0.600307717,4,9,0.397242344,1,3,1,2,0,0,0,0.224797268,2,1,0.442507049,2,0,1,0,1
3,0.433846128,2,5,0.290681521,4,1,1,1,0,0,0,0.167148594,2,1,0,2,0,0,0,1
0,0.356398274,2,3,0.619349716,0,2,0.442507049,2,1,0.442507049,1,0.303718939,2,1,0,1,1,0,0,1
1,0.326542972,4,0,0.386918076,3,2,1,1,0,1,2,0.537707281,2,1,0.442507049,2,0,0,0,1
0,0.497944926,1,4,0.476140715,0,1,0.756470797,2,1,1,3,0.460812845,0,2,0,3,0,1,0,1
3,0.74653634,2,4,0.619673598,0,4,1,2,0,0.442507049,2,0.278324539,2,1,0,2,0,0,0,1
0,0.258538461,2,0,0.403879261,0,1,0.756470797,2,0,0.442507049,3,0.252038927,2,2,0,3,0,1,0,2
3,0.680542574,4,4,0.766014668,4,3,0.442507049,2,0,0.756470797,1,0.460812845,2,1,0.442507049,2,0,0,0,1
3,0.600307717,2,1,0.800358165,0,3,0.756470797,2,0,0.756470797,2,0.500246321,2,1,0,3,0,1,0,1
3,0.600307717,2,1,0.840302442,4,2,0.442507049,0,0,1,3,0.671226448,2,2,0,2,0,1,0,1
1,0.680542574,4,0,0.503384265,4,4,1,2,0,1,0,0.460812845,2,1,0.442507049,2,0,0,0,1
3,0.497944926,4,4,0.343738201,0,0,1,1,0,1,2,0.894323232,2,1,0.442507049,0,0,0,0,1
1,0.600307717,2,3,0.647808566,0,3,0.756470797,0,0,0.756470797,2,0.590604292,2,1,0,2,0,1,0,2
0,0.356398274,2,7,0.268655342,0,1,1,1,0,1,1,0.744008224,2,1,0,2,0,0,0,2
1,0.600307717,4,9,0.563584392,4,3,1,2,0,0.756470797,3,0.419187521,2,1,0.442507049,2,1,1,0,1
1,0.851310727,2,9,0.96234438,0,2,0.442507049,2,0,0.442507049,2,0.136570345,2,1,0,2,0,1,0,2
3,0.74653634,4,0,0.761553522,0,4,1,2,0,1,2,0.419187521,2,1,0.442507049,3,0,1,0,1
3,0.655667214,1,1,0.80065583,4,1,0.756470797,2,2,1,0,0.537707281,0,0,0.442507049,2,1,1,0,1
0,0.642578427,4,9,0.529684223,0,4,1,2,0,1,2,0.590604292,1,1,1,3,1,1,0,1
3,0.433846128,4,4,0.462433269,0,4,1,2,0,1,2,0.64001097,2,1,0.442507049,2,0,1,0,1
0,0.356398274,4,0,0.50231502,0,2,1,2,0,1,1,0.500246321,0,1,0.442507049,1,0,0,1,1
1,0.74653634,4,1,0.730988077,0,2,0.756470797,2,0,1,2,0.419187521,2,1,0.442507049,2,0,1,0,1
3,0.497944926,4,4,0.358310574,4,2,1,2,0,0.756470797,1,0.303718939,2,1,0.442507049,2,0,1,0,1
3,0.74653634,3,1,0.831872304,4,3,0.756470797,2,0,0.442507049,2,0.352062362,1,1,0,3,1,1,0,1
0,0.552626872,2,4,0.544808334,0,1,1,1,0,1,1,0.278324539,2,0,0,3,0,1,0,1
3,0.356398274,4,3,0.430148216,3,3,0.756470797,1,0,0.442507049,1,0.440289285,2,1,0,2,0,0,1,1
3,0.433846128,2,3,0.503917051,4,3,0,1,0,1,0,0.397474028,0,0,0,1,0,0,0,1
0,0.497944926,2,3,0.65325117,0,2,0.442507049,2,1,0.756470797,2,0.573383693,2,1,0,2,0,0,0,2
0,0.456458637,4,0,0.546498656,0,4,0.442507049,2,2,1,1,0.590604292,0,0,0,2,0,1,0,2
3,0.535275271,4,0,0.612441966,4,1,0.442507049,0,0,1,0,0.607437879,2,1,0.442507049,2,0,1,0,1
3,0.74653634,4,1,0.868615177,4,4,0.442507049,2,0,1,3,0.573383693,2,2,0.442507049,2,0,0,0,1
3,0.433846128,2,4,0.397914617,4,2,1,3,0,0.442507049,0,0.537707281,2,0,0,2,0,1,0,1
3,0.600307717,2,4,0.379044874,0,4,1,2,0,0,0,0.460812845,2,1,0,3,0,1,0,1
0,0.356398274,2,4,0.345636686,0,2,0.442507049,2,0,0.442507049,0,0.03654691,2,0,0,3,1,1,0,1
0,0.552626872,2,0,0.630302088,4,3,0.442507049,2,1,0.442507049,0,0.167148594,2,1,0,1,0,0,1,1
1,0.74653634,2,7,0.627063873,4,2,0.442507049,3,0,0.442507049,2,0.252038927,2,1,0,2,0,0,0,1
3,0.433846128,3,1,0.619608858,0,1,0,1,0,0.442507049,1,0.64001097,2,1,0.442507049,1,0,0,0,1
1,0.258538461,2,0,0.592224391,4,2,0,1,0,0.442507049,0,0.397474028,2,1,0,1,0,0,0,1
3,0.74653634,3,4,0.669534959,0,2,1,1,0,1,0,0.419187521,2,1,0.442507049,2,0,0,0,1
1,0.600307717,4,3,0.683821926,0,1,0.442507049,1,0,1,2,0.196527382,0,1,0,1,0,0,0,2
1,0.680542574,2,4,0.576871085,4,4,0.442507049,1,0,1,2,0.196527382,2,1,0,2,0,0,0,1
3,0.326542972,2,9,0.499186144,3,4,0,0,0,0.442507049,0,0.278324539,2,1,0,2,0,1,0,1
0,0.600307717,1,9,0.589734805,0,2,1,2,0,0.442507049,1,0.352062362,2,0,0,2,0,1,0,2
1,0.851310727,0,2,1,0,2,0,1,0,0.442507049,1,0.375112275,0,1,0,3,0,1,1,2
3,0.294088411,2,1,0.565471206,1,2,0,2,1,0.442507049,0,0.375112275,2,1,0,2,1,0,0,1
0,0.125501505,2,0,0.950524196,0,4,0,2,0,1,3,0.927620406,0,1,0,3,0,1,0,2
0,0.600307717,2,3,0.521638347,1,0,0,0,0,0,1,0.397474028,2,1,0,2,0,0,0,2
0,0.600307717,2,3,0.602900709,0,4,1,2,0,0.442507049,1,0.519210956,2,0,0,3,0,1,0,2
3,0.497944926,4,3,0.460901855,0,2,1,1,0,0.442507049,3,0.278324539,2,1,0.442507049,2,0,0,0,1
3,0.851310727,3,4,0.914297895,2,3,1,2,0,0,2,0.480789044,2,1,0,3,0,1,0,1
0,0.258538461,2,4,0.39453367,0,1,0.756470797,1,0,1,1,0.10469051,2,0,0,2,0,0,0,2
1,0.356398274,2,0,0.483459773,0,3,0.756470797,2,0,1,1,0.328280585,2,0,0,2,1,1,0,1
0,0.600307717,1,3,0.770459667,0,1,0.442507049,0,0,0,1,0.771249883,0,1,0,2,0,1,0,2
0,0.356398274,1,0,0.238073463,0,1,1,2,0,0.442507049,2,0.64001097,0,1,0.442507049,2,0,1,0,2
0,0.497944926,4,3,0.333121256,0,1,1,1,0,1,1,0.071393336,2,0,0,2,0,0,0,1
0,0.851310727,2,1,0.864581639,0,3,1,2,0,1,3,0.519210956,1,2,0.756470797,2,1,1,0,2
3,0.680542574,2,4,0.467217329,4,4,1,2,0,1,2,0.810340304,2,1,0,2,0,1,0,1
0,0.356398274,3,0,0.390757016,0,2,1,2,0,0.442507049,0,0.590604292,2,1,0.442507049,1,1,0,0,1
0,0.600307717,2,3,0.451762046,0,1,1,2,1,0,1,0.167148594,2,1,0,1,0,0,1,1
1,0.258538461,2,4,0.441275566,0,1,1,1,0,0.442507049,2,0.10469051,2,1,0,2,0,1,0,2
3,0.258538461,4,0,0.36900354,0,2,0.756470797,2,0,0,0,0.328280585,2,1,0.442507049,2,0,0,0,1
3,0.356398274,4,4,0.170886099,2,4,1,2,0,1,1,0.573383693,2,1,0.442507049,2,1,1,0,1
0,0.356398274,2,4,0.415990707,0,2,1,1,0,0,2,0.136570345,0,1,0,2,0,0,0,1
1,0.680542574,3,4,0.473608571,1,1,1,2,0,0.756470797,3,0.328280585,1,1,0.442507049,3,0,0,0,2
2,0.258538461,2,4,0.253554453,0,2,0.756470797,1,0,0.442507049,0,0.278324539,2,1,0,1,0,0,0,2
1,0.125501505,2,4,0.490442947,0,1,1,3,0,0.756470797,2,0.328280585,2,0,0,3,0,1,0,1
1,0.933015988,2,7,0.749789649,0,2,1,2,0,1,3,0.573383693,2,2,0,2,0,0,0,2
3,0.600307717,4,1,0.769441406,4,2,0.442507049,2,0,1,1,0.64001097,2,1,0.442507049,3,1,1,0,1
3,0.356398274,2,0,0.615229713,4,1,0.442507049,2,0,0.756470797,1,0.623901466,2,1,0,3,1,1,0,1
3,0.294088411,2,0,0.423327595,0,2,0.756470797,2,0,0.442507049,0,0.352062362,2,1,0,1,1,0,1,1
3,0.600307717,2,3,0.304871592,4,3,1,2,0,0.442507049,2,0.352062362,1,1,0,2,0,1,0,1
3,0,4,0,0.409215754,0,3,0.442507049,2,0,0,0,0.573383693,2,1,0.756470797,1,1,0,0,1
0,0.433846128,2,3,0.464459607,0,1,1,1,2,0,1,0.64001097,2,0,0,2,0,0,0,1
1,0.851310727,0,0,0.816022427,2,1,0,1,0,0,2,0.328280585,2,1,0.442507049,2,0,0,0,1
0,0.600307717,1,3,0.603178814,2,1,1,2,0,1,3,0.328280585,2,2,0,2,1,1,0,2
3,0.356398274,2,0,0.566368217,4,0,1,2,0,1,3,0.500246321,2,1,0,3,0,1,0,1
3,0.497944926,2,3,0.421363245,0,1,1,3,1,0,1,0.590604292,2,1,0,1,1,0,0,2
3,0.600307717,2,4,0.621350559,1,4,0.442507049,2,0,1,2,0.352062362,2,1,0.442507049,2,0,0,0,2
1,0.497944926,4,9,0.619349716,0,0,0.756470797,3,0,0.756470797,2,0.537707281,2,1,0.756470797,0,1,1,0,1
0,0.74653634,3,9,0.499511778,0,3,0.442507049,2,0,0,2,0.167148594,2,1,0.442507049,2,0,1,0,2
1,0.600307717,2,1,0.650998863,2,1,0.756470797,1,0,1,2,0.278324539,2,0,0,2,0,0,0,2
3,0.74653634,2,3,0.879402426,0,0,1,1,0,0.442507049,2,0.224797268,2,1,0.442507049,3,0,1,0,2
0,0.356398274,2,0,0.470434885,0,2,1,1,2,1,1,0.303718939,2,1,0,2,0,1,0,1
0,0.600307717,4,4,0.370329891,3,4,1,1,0,1,1,0.797535495,2,0,0.442507049,3,0,1,0,1
2,0.680542574,4,4,0.623589096,4,4,1,2,0,1,1,0.68635955,1,1,0.442507049,1,0,0,0,1
1,0.258538461,4,4,0.355306996,0,4,0.442507049,2,0,1,0,0.480789044,2,1,0.756470797,1,0,0,0,1
0,0.655667214,2,0,0.644864577,0,2,0.756470797,2,0,0.442507049,2,0.623901466,2,1,0,1,0,0,0,2
1,0.600307717,2,3,0.582861643,1,4,1,2,0,1,3,0.328280585,2,2,0,2,0,0,0,1
3,0.125501505,4,4,0.450828012,0,4,0.442507049,3,0,0.442507049,0,0.328280585,2,0,0.442507049,2,0,0,0,1
1,0.552626872,3,0,0.521045794,0,2,0,0,0,1,1,0.655781302,2,1,0.442507049,2,0,0,0,1
3,0.433846128,2,0,0.617135284,4,2,0.756470797,2,0,0.442507049,3,0.303718939,2,1,0,2,0,0,0,1
3,0.600307717,2,4,0.525356549,2,4,0.756470797,2,0,0.442507049,2,0.440289285,0,1,0.442507049,2,0,1,0,2
1,0.125501505,2,6,0.138464383,0,1,0.756470797,3,0,0,1,0.10469051,2,1,0,1,0,0,0,1
1,0.680542574,2,4,0.447461247,4,2,1,1,0,0,2,0.224797268,2,1,0,2,0,0,0,1
1,0.642578427,4,4,0.537000047,2,2,1,2,0,0.442507049,1,0.136570345,2,1,0.442507049,1,0,0,0,2
3,0.433846128,2,4,0.617919256,0,4,1,1,0,0.442507049,2,0.757752886,0,0,0,3,0,1,0,1
3,0.802590423,2,4,0.78020975,4,3,0.442507049,3,0,1,1,0.303718939,2,0,0,2,0,1,0,1
0,0.326542972,4,0,0.640939515,0,2,0,2,0,0.442507049,0,0.537707281,2,1,0.442507049,1,1,0,0,1
1,0.433846128,2,6,0.41846212,1,2,1,2,2,0.442507049,0,0.10469051,2,1,0,2,0,0,0,1
3,0.600307717,2,0,0.787468043,0,2,0,2,0,1,1,0.590604292,2,1,0,1,1,0,0,1
0,0.600307717,1,0,0.363037114,0,0,0,1,1,1,3,0.303718939,2,0,0.442507049,0,0,0,0,2
0,0.933015988,2,9,0.78442603,0,4,1,2,1,1,3,0.460812845,2,0,0,2,0,0,0,2
3,0.680542574,4,4,0.564078081,0,2,1,1,0,0.442507049,2,0.397474028,2,1,0,2,0,1,0,1
2,0.600307717,2,4,0.375376175,2,2,0.756470797,1,0,0.756470797,2,0.797535495,2,1,0,1,0,0,0,1
1,0.125501505,2,4,0.2560374,0,2,0.442507049,1,2,0.756470797,0,0.882886932,2,1,0,2,0,0,0,1
1,0.497944926,3,9,0.528250586,4,4,1,2,0,0.442507049,1,0.573383693,2,1,0.442507049,2,0,0,0,1
3,0.600307717,3,0,0.538656154,0,4,1,2,0,1,2,0.655781302,2,1,0.442507049,1,1,0,0,2
1,0.433846128,1,0,0.376482869,1,2,0.442507049,3,0,0.442507049,1,0.196527382,2,0,0,2,0,0,0,2
1,0.680542574,4,3,0.816800844,0,3,0.442507049,2,0,0.442507049,1,0.68635955,2,1,0,2,0,0,0,2
3,0.851310727,2,9,0.689069404,0,0,0.756470797,2,0,0.442507049,2,0.397474028,0,0,0,3,0,1,0,2
2,0.552626872,2,0,0.571519721,1,2,0,1,0,0,2,0.278324539,0,1,0,3,0,1,0,1
0,0.74653634,2,1,0.812402141,0,2,0.442507049,2,0,0.442507049,1,0.224797268,2,1,0,2,1,0,0,2
3,0.600307717,4,3,0.486461862,0,3,0.442507049,2,0,0.442507049,1,0.328280585,2,1,0.442507049,1,0,0,0,1
0,0.433846128,4,3,0.40567172,0,2,1,1,0,0.756470797,1,0.196527382,2,0,0.442507049,2,0,0,0,1
2,0.802590423,0,9,0.749826659,0,1,0.442507049,0,0,0,1,0.397474028,2,1,0.442507049,2,0,0,0,1
3,0.384039966,2,4,0.40174295,1,0,0.442507049,1,0,1,0,0.882886932,2,1,0,2,0,0,0,1
0,0.600307717,2,1,0.760318643,0,0,1,2,0,0.442507049,3,0.303718939,2,2,0,3,0,1,0,1
1,0.600307717,4,4,0.451228771,0,4,1,2,0,0.442507049,1,0.671226448,2,1,0.442507049,1,0,0,0,1
3,0.356398274,4,7,0.617723511,4,1,0.442507049,2,0,0,1,0.480789044,2,1,0.442507049,1,1,0,0,1
3,0.433846128,1,4,0.426762886,1,4,1,2,0,1,2,0.419187521,0,1,0,1,1,0,0,1
0,0.497944926,2,4,0.475660521,4,3,0.442507049,3,0,1,2,0.136570345,2,0,0.442507049,1,0,0,0,1
0,0.74653634,2,3,0.64211812,0,0,1,2,0,0.756470797,1,0.328280585,2,1,0,3,0,1,0,1
3,0.356398274,2,0,0.524676065,4,4,1,2,0,0.756470797,2,0.701192967,2,1,0,2,0,1,0,1
3,0.356398274,2,3,0.450292592,0,3,0.756470797,1,0,1,0,0.352062362,2,1,0,1,0,0,0,1
0,0.680542574,2,1,0.636043855,0,2,1,0,0,1,1,0.537707281,2,1,0,3,0,1,0,1
3,0.356398274,2,4,0.271272443,0,4,1,2,0,1,2,0.500246321,2,1,0,2,0,0,0,1
0,0.827745492,2,4,0.464459607,0,2,1,2,0,1,3,0.136570345,2,2,0,2,0,1,0,2
1,0.827745492,4,1,0.675823747,1,0,0.756470797,2,0,1,2,0.252038927,2,1,0,2,0,0,0,1
